Workbook

Sheet 최종 스펙 요약
A1: 최종 확정 스펙 (4차 크로스체크 반영, v4 — 9단계 구조) | 브랜드명: Host ON (AI)
A3: 구분 | B3: 최종 결정 | C3: 비고
A4: 데이터 계층 | B4: Host → Property(단일 accommodation_type ENUM) → Room → Bed (모두 optional) | C4: 법적으로 한 공간 복수유형 등록 불가
A5: 예약 단위 | B5: Reservation.bookable_unit_type(PROPERTY/ROOM/BED) | C5: 본인숙소=PROPERTY단위, 호스텔=ROOM단위
A6: 예약/환불/정산 상태 | B6: reservation_status / refund_status / financial_status(ESTIMATED/CONFIRMED/MANUALLY_ADJUSTED) 모두 분리
A7: 채널 수수료 | B7: commission_rate 0.155(2026.5.25 한국 단일수수료 전환 반영)
A8: 네이버예약 | B8: iCal 미제공, 내보내기 전용으로만 UI 표기
A9: 숙박업 유형 법정명칭 | B9: '외국인관광 도시민박업' 정확 표기
A10: 등록증 갱신방식 | B10: 정기갱신 없음, 변경사유 발생시 D+30 신고(EVENT_BASED)
A11: iCal 표현 | B11: '실시간' 제거 → '동기화 시점 중복예약 충돌 감지'
A12: Mock/Real 경계 | B12: iCal=Real, AI응답=Real(LLM), 스마트락/가격반영/OTA메시징=Mock | C12: 화면에 '시뮬레이션' 뱃지로 명시 (신규)
A13: DB 전략(신규 확정) | B13: 로컬 개발부터 Docker Postgres 사용(MariaDB 대신 채택) | C13: MariaDB↔PostgreSQL 이원화로 인한 배포당일 문법오류 리스크 원천차단
A14: 배포 전략(신규 확정) | B14: Render 무료플랜 750시간 한도 보존을 위해 스테이징=프로덕션 서비스를 10/1에 생성, 10/8에 그대로 정식승격(재생성 아님) | C14: 배포를 마지막에 몰아넣지 않되, 너무 일찍 만들어 무료시간을 낭비하지도 않음
A15: UI/UX 설계(신규 확정) | B15: 1단계와 2단계 사이 1.5단계로 독립 — 화면목록/와이어프레임/디자인시스템/로그인화면 설계 | C15: 로직은 촘촘했으나 화면 설계 단계 자체가 누락되어 있었음
A16: 회원가입/로그인(신규 확정) | B16: 기능명세에는 있었으나 체크리스트에서 누락됐던 항목, 1.5단계 설계+2단계 구현으로 명시 추가
A17: 통합QA·보안(신규 확정) | B17: 5.5단계로 독립 — 회귀테스트, 예외케이스 전수점검, 보안점검, Mock라벨 전수확인, README | C17: QA를 마지막에 몰아넣지 않고 별도 단계화
A18: 데모 데이터(신규 확정) | B18: 골든패스 시드 스크립트(호스트1+숙소3+예약15~20건+긴급알림 시나리오) 사전 제작, 발표전 재실행 | C18: 발표 중 빈화면/알림 미표시 방지
A19: 최종 데모검증(신규 확정) | B19: 6.5단계 — Demo Reset+E2E 시나리오 리허설+예상 Q&A 준비, 10/11에 배치 | C19: 10/12는 발표당일이라 작업 없음
A20: 발표 방식 | B20: 음성 나레이션 포함 영상으로 발표, 제출자료 자체가 영상일 필요는 없음 | C20: 제출마감 10/10, 10/11은 6.5단계 최종검증, 10/12 발표
A21: 작업 리듬 | B21: 주간(9~18시)=본인 직접개발·실행 / 야간=AI와 문서·콘텐츠 초안 / 익일아침=검토·보완 | C21: 체크리스트 '담당' 열에 표시
A22: 연장근무일(확정, 9/4 재조정) | B22: 주중 월/수/금 저녁 3시간 반복 추가근무(9/24~25 명절휴무 제외) | C22: 고정 4일 방식→매주 반복 패턴으로 변경, 10/5~10/11 최고부하구간은 월수금이 자연스럽게 커버
A23: 위험1 재점검(반영) | B23: 예약→AI대화→ActionCenter 통합 딥링크 부재 → 신규 태스크 추가(9/26) | C23: 화면이 따로 노는 'API조합툴'처럼 보이는 것 방지
A24: 위험2 재점검(기확인) | B24: AI텍스트 마크다운 렌더링, 에러 Toast 처리는 이미 반영돼 있었음(9/20,9/23) | C24: 추가조치 불필요
A25: 외부 제출마감(신규확정) | B25: 9/3(목) 11:00 기획서 제출(주제/선정이유/일정표/기술스택 필수포함) / 10/10 설명문서+소스코드 제출 | C25: 9/3은 개발 착수 초반이라 기존 대화내용(스펙/일정/스택)을 취합하는 수준으로 대응
A26: 인프라 제공현황(신규확인) | B26: Azure Cloud(확인 완료, 전환 안함) / Gemini Advanced(개인 구독, API 아님) / Google AI Studio 무료 API키(백업용 확보, Claude 유지) / HuggingFace 조직(무료 로컬 임베딩과 부합) | C26: LLM=Claude API 유지, 배포=Azure 전환 없이 Render 그대로 확정
A27: 배포 최종확정 | B27: Vercel(프론트)+Render(백엔드, Hobby 무료플랜)+Supabase(DB) 그대로 확정 | C27: Render 무료: 월750시간/워크스페이스, DB는 Supabase 사용하므로 Render의 '무료DB 30일만료' 함정 해당없음. 스테이징=프로덕션 서비스 통합(10/1생성→10/8 그대로 승격)으로 750시간 한도 내 안전
A28: AI 아키텍처 확정(비용통제) | B28: RAG검색(로컬벡터, LLM비용0)→Claude 1회 통합호출(분류+위험도+다국어+근거 동시반환), 멀티스텝 분리 금지 | C28: 1문의=정상1회, 실패시 최대2회 재시도(최대3회/문의). retry×step 곱연산 폭주 방지가 핵심
... A30: 예상 비용(참고치) | B30: 개발~데모 전체 약 $15~$100 범위(추정치, 실측 필요) — 프로젝트를 무너뜨릴 수준 아님 | C30: 실제 개발착수 후 50~100건 실측하여 재계산 권장. Claude Pro/Google AI Pro 구독은 API비용과 별개(개발도구용)
A32: Action Center 규칙표
A33: 분류 | B33: 트리거 조건 | C33: 성격
A34: 🔴 지금 처리 필요 | B34: iCal 동기화 시점 중복예약 충돌 감지 / 고위험 승인대기 / 체크인 2시간전 청소 미완료 | C34: 시스템 즉각 개입
A35: 🟡 오늘 확인 | B35: EVENT_BASED 신고 D-30 / 청소 비품부족 플래그 / 신규예약 정산검토 대기 | C35: 당일 업무 큐
A36: 🟢 자동 처리 | B36: 저위험 자동응답 발송완료 / 청소완료+비번전송 완료 | C36: 사후 모니터링

Sheet 진행현황 요약
A1: 3rd Host AI — 진행현황 요약 (9단계 구조, 8/31 개발착수 → 10/10 완료)
A3: 카테고리 | B3: 일정(시작~종료) | C3: 전체 | D3: 완료 | E3: 진행중 | F3: 완료율
A4: 데이터모델 설계(P0) | B4: 2026-08-31 ~ 2026-09-04 | C4: =COUNTIF(체크리스트!$B$4:$B$400,A4) | D4: =COUNTIFS(체크리스트!$B$4:$B$400,A4,체크리스트!$E$4:$E$400,"완료") | E4: =COUNTIFS(체크리스트!$B$4:$B$400,A4,체크리스트!$E$4:$E$400,"진행중") | F4: =IFERROR(D4/C4,0)
A5: UI/UX 설계 | B5: 2026-09-07 ~ 2026-09-09 | C5: =COUNTIF(체크리스트!$B$4:$B$400,A5) | D5: =COUNTIFS(체크리스트!$B$4:$B$400,A5,체크리스트!$E$4:$E$400,"완료") | E5: =COUNTIFS(체크리스트!$B$4:$B$400,A5,체크리스트!$E$4:$E$400,"진행중") | F5: =IFERROR(D5/C5,0)
A6: 기반 인프라 | B6: 2026-09-05 ~ 2026-09-18 | C6: =COUNTIF(체크리스트!$B$4:$B$400,A6) | D6: =COUNTIFS(체크리스트!$B$4:$B$400,A6,체크리스트!$E$4:$E$400,"완료") | E6: =COUNTIFS(체크리스트!$B$4:$B$400,A6,체크리스트!$E$4:$E$400,"진행중") | F6: =IFERROR(D6/C6,0)
A7: 고객 응대 자동화 | B7: 2026-09-17 ~ 2026-09-28 | C7: =COUNTIF(체크리스트!$B$4:$B$400,A7) | D7: =COUNTIFS(체크리스트!$B$4:$B$400,A7,체크리스트!$E$4:$E$400,"완료") | E7: =COUNTIFS(체크리스트!$B$4:$B$400,A7,체크리스트!$E$4:$E$400,"진행중") | F7: =IFERROR(D7/C7,0)
A8: 비대면 체크인 | B8: 2026-09-29 ~ 2026-09-30 | C8: =COUNTIF(체크리스트!$B$4:$B$400,A8) | D8: =COUNTIFS(체크리스트!$B$4:$B$400,A8,체크리스트!$E$4:$E$400,"완료") | E8: =COUNTIFS(체크리스트!$B$4:$B$400,A8,체크리스트!$E$4:$E$400,"진행중") | F8: =IFERROR(D8/C8,0)
A9: 청소·시설 관리 | B9: 2026-09-28 ~ 2026-10-03 | C9: =COUNTIF(체크리스트!$B$4:$B$400,A9) | D9: =COUNTIFS(체크리스트!$B$4:$B$400,A9,체크리스트!$E$4:$E$400,"완료") | E9: =COUNTIFS(체크리스트!$B$4:$B$400,A9,체크리스트!$E$4:$E$400,"진행중") | F9: =IFERROR(D9/C9,0)
A10: 정산 리포트 | B10: 2026-10-02 ~ 2026-10-06 | C10: =COUNTIF(체크리스트!$B$4:$B$400,A10) | D10: =COUNTIFS(체크리스트!$B$4:$B$400,A10,체크리스트!$E$4:$E$400,"완료") | E10: =COUNTIFS(체크리스트!$B$4:$B$400,A10,체크리스트!$E$4:$E$400,"진행중") | F10: =IFERROR(D10/C10,0)
A11: 동적 가격 책정 | B11: 2026-10-05 ~ 2026-10-07 | C11: =COUNTIF(체크리스트!$B$4:$B$400,A11) | D11: =COUNTIFS(체크리스트!$B$4:$B$400,A11,체크리스트!$E$4:$E$400,"완료") | E11: =COUNTIFS(체크리스트!$B$4:$B$400,A11,체크리스트!$E$4:$E$400,"진행중") | F11: =IFERROR(D11/C11,0)
A12: 알림·액션센터 | B12: 2026-10-06 ~ 2026-10-06 | C12: =COUNTIF(체크리스트!$B$4:$B$400,A12) | D12: =COUNTIFS(체크리스트!$B$4:$B$400,A12,체크리스트!$E$4:$E$400,"완료") | E12: =COUNTIFS(체크리스트!$B$4:$B$400,A12,체크리스트!$E$4:$E$400,"진행중") | F12: =IFERROR(D12/C12,0)
A13: 컴플라이언스 | B13: 2026-10-01 ~ 2026-10-07 | C13: =COUNTIF(체크리스트!$B$4:$B$400,A13) | D13: =COUNTIFS(체크리스트!$B$4:$B$400,A13,체크리스트!$E$4:$E$400,"완료") | E13: =COUNTIFS(체크리스트!$B$4:$B$400,A13,체크리스트!$E$4:$E$400,"진행중") | F13: =IFERROR(D13/C13,0)
A14: 통합QA·보안 | B14: 2026-10-08 ~ 2026-10-09 | C14: =COUNTIF(체크리스트!$B$4:$B$400,A14) | D14: =COUNTIFS(체크리스트!$B$4:$B$400,A14,체크리스트!$E$4:$E$400,"완료") | E14: =COUNTIFS(체크리스트!$B$4:$B$400,A14,체크리스트!$E$4:$E$400,"진행중") | F14: =IFERROR(D14/C14,0)
A15: 마무리 | B15: 2026-09-05 ~ 2026-10-10 | C15: =COUNTIF(체크리스트!$B$4:$B$400,A15) | D15: =COUNTIFS(체크리스트!$B$4:$B$400,A15,체크리스트!$E$4:$E$400,"완료") | E15: =COUNTIFS(체크리스트!$B$4:$B$400,A15,체크리스트!$E$4:$E$400,"진행중") | F15: =IFERROR(D15/C15,0)
A16: 최종 데모검증 | B16: 2026-10-11 ~ 2026-10-11 | C16: =COUNTIF(체크리스트!$B$4:$B$400,A16) | D16: =COUNTIFS(체크리스트!$B$4:$B$400,A16,체크리스트!$E$4:$E$400,"완료") | E16: =COUNTIFS(체크리스트!$B$4:$B$400,A16,체크리스트!$E$4:$E$400,"진행중") | F16: =IFERROR(D16/C16,0)
A18: 전체 합계 | B18: 2026-08-31 ~ 2026-10-11 | C18: =SUM(C4:C16) | D18: =SUM(D4:D16) | E18: =SUM(E4:E16) | F18: =IFERROR(D18/C18,0)
A20: 개발 착수일 | B20: 2026-08-31(월)
A21: 제출 마감일 | B21: 2026-10-10
A22: 오늘 날짜 | B22: =TODAY()
A23: D-day(제출까지) | B23: =DATE(2026,10,10)-TODAY()
A25: ★ 실제 진행률 (일일 크로스체크 ☑ 기준)
A26: 완료 개수 | B26: =COUNTIF('일일 크로스체크'!G:G,"☑")
A27: 전체 개수 | B27: =COUNTIF('일일 크로스체크'!G:G,"☑")+COUNTIF('일일 크로스체크'!G:G,"☐")
A28: 실제 완료율 | B28: =IFERROR(B26/B27,0)
A29: ⚠ 참고: 위 카테고리별 표(완료/진행중 열)는 '체크리스트' 시트의 상태값을 세는 것이라 별개입니다. 매일 체크하시는 '일일 크로스체크'만 쓰신다면 이 박스가 실제 진행률입니다.
A31: 완료 | B31: 진행중 | C31: 예정
A32: ※ 노랑=차별화 / 빨강=P0 / 보라=검증 / 파랑=신규추가항목
A33: ※ 모든 작업의 담당은 본인. Claude Code=코드구현 직접실행 / Claude=대화로 검토·설계보조 / Gemini=콘텐츠초안·교차검증보조(도구일 뿐, 최종 의사결정은 본인)

Sheet 체크리스트
A1: 3rd Host AI — 상세 체크리스트 (9단계 구조: 1,1.5,2,3,4,5,5.5,6,6.5)
A3: 단계 | B3: 카테고리 | C3: 세부 작업 | D3: 우선순위 | E3: 상태 | F3: 담당 / 활용도구 | G3: 날짜(요일) | H3: 비고
A4: 1 | B4: 데이터모델 설계(P0) | C4: Host-Property-Room-Bed 계층 스키마 확정(모두 optional) | D4: 최상 | E4: 완료 | F4: 본인 — Gemini(검토·콘텐츠 초안 보조) | G4: 2026-08-31(월) | H4: P0
A5: 1 | B5: 데이터모델 설계(P0) | C5: STEP0: DB명세서v1(3rd_host_ai_db_spec_v1.md)을 스키마 최종권위 문서로 확정 + 구버전 ERD(guests/payments 등 포함 폐기 초안) 폐기처리 | D5: 최상 | E5: 완료 | F5: 본인 — Claude(대화로 검토·설계 보조) | G5: 2026-08-31(월) | H5: 신규, 문서기준선(SSOT) 확정
A6: 1 | B6: 데이터모델 설계(P0) | C6: Property.accommodation_type 단일 ENUM 필드 확정 | D6: 최상 | E6: 완료 | F6: 본인 — Gemini(검토·콘텐츠 초안 보조) | G6: 2026-08-31(월) | H6: P0
A7: 1 | B7: 데이터모델 설계(P0) | C7: Reservation.bookable_unit_type(PROPERTY/ROOM/BED) 설계 | D7: 최상 | E7: 완료 | F7: 본인 — Gemini(검토·콘텐츠 초안 보조) | G7: 2026-09-01(화) | H7: P0
A8: 1 | B8: 데이터모델 설계(P0) | C8: PROPERTY 단위 예약시 하위 Room 전체 블록 인터셉터 로직 정의(본인 3룸숙소 실제케이스) | D8: 최상 | E8: 완료 | F8: 본인 — Gemini(검토·콘텐츠 초안 보조) | G8: 2026-09-01(화) | H8: P0
A9: 1 | B9: 데이터모델 설계(P0) | C9: reservation_status / refund_status 분리 설계 | D9: 최상 | E9: 완료 | F9: 본인 — Gemini(검토·콘텐츠 초안 보조) | G9: 2026-09-01(화) | H9: P0
A10: 1 | B10: 데이터모델 설계(P0) | C10: Reservation CHECK 제약(bookable_unit_type↔room_id/bed_id 조합) 확정 | D10: 최상 | E10: 완료 | F10: 본인 — Claude(대화로 검토·설계 보조) | G10: 2026-09-01(화) | H10: 간극항목1, DB명세서 2.6절 참고
A11: 1 | B11: 데이터모델 설계(P0) | C11: ROOMS/BEDS 계층 복합FK+UNIQUE + Reservation↔Channel/Room/Bed 동일Property 보장(통합확정) | D11: 최상 | E11: 완료 | F11: 본인 — Claude(대화로 검토·설계 보조) | G11: 2026-09-01(화) | H11: 간극항목2·6, DB명세서 2.6절 참고
A12: 1 | B12: 데이터모델 설계(P0) | C12: UNIQUE 복합제약 3종 확정(channel_connection_id+external_uid / property_id+target_month / property_id+channel) | D12: 상 | E12: 완료 | F12: 본인 — Gemini(검토·콘텐츠 초안 보조) | G12: 2026-09-01(화) | H12: 간극항목8, DB명세서 참고
A13: 1 | B13: 데이터모델 설계(P0) | C13: INQUIRY_RESPONSES 1:N + is_latest 플래그 설계 확정 | D13: 상 | E13: 완료 | F13: 본인 — Gemini(검토·콘텐츠 초안 보조) | G13: 2026-09-01(화) | H13: 간극항목7, 실제구현은 9/19
A14: 1 | B14: 데이터모델 설계(P0) | C14: FINANCIAL_CONFIGS→MONTHLY_SETTLEMENTS 관계 제거(스냅샷 분리) 확정 | D14: 상 | E14: 완료 | F14: 본인 — Gemini(검토·콘텐츠 초안 보조) | G14: 2026-09-01(화) | H14: 간극항목9, 실제구현은 10/5
... A39: 2 | B39: 기반 인프라 | C39: 로컬 개발 DB를 Docker Postgres로 전환 결정 및 세팅(MariaDB 대신, 문법불일치 리스크 원천차단) | D39: 최상 | E39: 완료 | F39: 본인 — Claude Code(터미널 직접실행 권장) | G39: 2026-09-05(토) | H39: 신규, MariaDB↔Postgres 이원화 리스크 제거
A40: 2 | B40: 기반 인프라 | C40: DB 스키마 구현(위 P0 설계 반영) | D40: 최상 | E40: 완료 | F40: 본인 — Claude Code(터미널 직접실행 권장) | G40: 2026-09-05(토)
A41: 2 | B41: 기반 인프라 | C41: GET /health 헬스체크 엔드포인트 구현(DB조회없이 즉시 응답, Render 슬립방지용 UptimeRobot 핑 대상) | D41: 상 | E41: 완료 | F41: 본인 — Claude Code(터미널 직접실행 권장) | G41: 2026-09-05(토) | H41: 신규, 9/3 API Contract v1.5 반영, 강사님 제안 검토로 발견
A42: 2 | B42: 기반 인프라 | C42: .env/.gitignore 초기 설정(API키·DB접속정보 분리, git 커밋 전 필수) | D42: 최상 | E42: 완료 | F42: 본인 — Claude Code(터미널 직접실행 권장) | G42: 2026-09-05(토) | H42: 신규, 보안 사전조치
A43: 6 | B43: 마무리 | C43: 녹화·편집 환경 설정(OBS 설정+편집툴 확정) | D43: 중 | E43: 완료 | F43: 본인 — Gemini(검토·콘텐츠 초안 보조) | G43: 2026-09-05(토) | H43: 신규, 편집도구 Canva/VEED 배제→Clipchamp 확정, docs/video_recording_setup.md 참고
A44: 6 | B44: 마무리 | C44: Clipchamp 10분 더미 영상 내보내기 테스트 | D44: 최상 | E44: 예정 | F44: 본인 — Gemini(검토·콘텐츠 초안 보조) | G44: 2026-10-07(수) | H44: 실패 시 Shotcut 전환
A45: 2 | B45: 기반 인프라 | C45: 통합 대시보드 뼈대(3~5개 숙소 한눈에 보기) | D45: 상 | E45: 완료 | F45: 본인 — Claude Code(터미널 직접실행 권장) | G45: 2026-09-08(화) | H45: Vite+React+TS+Tailwind 초기 세팅 포함(선행 작업, 별도 태스크 미생성). TypeScript로 구현하여 파일위치 .jsx→.tsx 정정.
A46: 2 | B46: 기반 인프라 | C46: iCal 연동 + ChannelConnection 구현(sync_status/last_synced_at 표시) | D46: 최상 | E46: 완료 | F46: 본인 — Claude Code(터미널 직접실행 권장) | G46: 2026-09-10(목) | H46: 실제 구현(Mock 아님)
A47: 2 | B47: 기반 인프라 | C47: 회원가입/로그인 화면+API 구현(JWT, 비밀번호는 bcrypt 해시로 저장) | D47: 최상 | E47: 완료 | F47: 본인 — Claude Code(터미널 직접실행 권장) | G47: 2026-09-11(금) | H47: 신규
A48: 2 | B48: 기반 인프라 | C48: 통합 캘린더 뷰: 독채=Property행 / 호스텔=Room 아코디언-Bed행 | D48: 상 | E48: 완료 | F48: 본인 — Claude Code(터미널 직접실행 권장) | G48: 2026-09-12(토)
A49: 2 | B49: 기반 인프라 | C49: iCal 동기화 시점 중복예약 충돌 감지 + 수동 새로고침 버튼 | D49: 상 | E49: 예정 | F49: 본인 — Claude Code(터미널 직접실행 권장) | G49: 2026-09-12(토) | H49: '실시간' 표현 금지
A50: 2 | B50: 기반 인프라 | C50: 네이버예약 채널카드 UI '내보내기 전용' 표시 | D50: 중 | E50: 예정 | F50: 본인 — Gemini(검토·콘텐츠 초안 보조) | G50: 2026-09-15(화) | H50: 네이버는 iCal 가져오기 미지원
A51: 2 | B51: 기반 인프라 | C51: 채널연결(iCal URL) 실패시 에러 안내 UI(잘못된 URL/파싱실패 케이스) | D51: 상 | E51: 예정 | F51: 본인 — Claude Code(터미널 직접실행 권장) | G51: 2026-09-16(수) | H51: 신규, 예외UX
A52: 2 | B52: 기반 인프라 | C52: Property 전체대여시 하위 Room 전체 블록 인터셉터 구현(본인 3룸숙소 핵심케이스) | D52: 최상 | E52: 완료 | F52: 본인 — Claude Code(터미널 직접실행 권장) | G52: 2026-09-14(월)
A53: 2 | B53: 기반 인프라 | C53: Room 전체대여시 하위 Bed 전체 블록 인터셉터 구현(호스텔 확장용) | D53: 중 | E53: 완료 | F53: 본인 — Claude Code(구현) / Gemini(검토) | G53: 2026-09-14(월) | H53: 1차 데모 강조점 아님
A54: 2 | B54: 기반 인프라 | C54: EXCLUDE USING GIST 겹침방지 제약조건 실제동작 테스트(겹침예약 insert시 DB레벨 차단 확인) | D54: 상 | E54: 완료 | F54: 본인 — Gemini(교차검증 보조) | G54: 2026-09-14(월) | H54: 신규, 배포환경 검증
A55: 2 | B55: 기반 인프라 | C55: ✅ 2단계 검증: 실제 iCal URL로 캘린더 반영·중복감지 정상동작 확인 | D55: 최상 | E55: 예정 | F55: 본인 — Gemini(교차검증 보조) | G55: 2026-09-15(화) | H55: 검증
A56: 6 | B56: 마무리 | C56: Vercel+Render+Supabase 스테이징=프로덕션 서비스 생성(뼈대 프로젝트로 CORS/env 연결 테스트, 10/8에 그대로 정식승격) | D56: 최상 | E56: 예정 | F56: 본인 — Claude Code(터미널 직접실행 권장) | G56: 2026-10-01(목) | H56: 정정(원래9/16→10/1), 750시간 한도 보존 위해 너무 일찍 만들지 않음, 카테고리도 기반인프라→마무리로 재분류(날짜범위 왜곡방지)
A57: 6 | B57: 마무리 | C57: .env.production 환경변수 설정(Vercel/Render/Supabase 키 분리) | D57: 상 | E57: 예정 | F57: 본인 — Gemini(교차검증 보조) | G57: 2026-10-01(목) | H57: 정정(원래9/16→10/1), 배포환경 검증, 카테고리 재분류
A58: 2 | B58: 기반 인프라 | C58: 로딩/에러/빈상태 공통 컴포넌트 적용 시작(캘린더 화면) | D58: 상 | E58: 완료 | F58: 본인 — Claude Code(터미널 직접실행 권장) | G58: 2026-09-16(수) | H58: 신규, Empty/Error UX · 9/14 완료(d181f34)
A59: 3 | B59: 고객 응대 자동화 | C59: 자체 통합 인박스(게스트 채팅 시뮬레이터 UI) | D59: 최상 | E59: 예정 | F59: 본인 — Claude Code(터미널 직접실행 권장) | G59: 2026-09-17(목) | H59: Mock UI
A60: 3 | B60: 고객 응대 자동화 | C60: 숙소별 RAG 지식베이스 구축(로컬 벡터검색, LLM비용無) + property_id 스코프 격리 + 개발용 응답캐시(동일질문 반복시 API 미호출) | D60: 최상 | E60: 예정 | F60: 본인 — Gemini(검토·콘텐츠 초안 보조) | G60: 2026-09-18(금) | H60: 실제 LLM 호출, 아키텍처: RAG검색(LLM비용0)→Claude 1회 통합호출(분류+위험도+다국어+근거 한번에 반환), 멀티스텝 분리 금지
A61: 3 | B61: 고객 응대 자동화 | C61: Claude API 초기설정: $5 선충전 + 월 Spend Limit $10 설정 + Dev/Prod API키 분리 | D61: 최상 | E61: 완료 | F61: 본인 — Claude Code(터미널 직접실행 권장) | G61: 2026-09-17(목) | H61: 신규, 비용통제 1
A62: 3 | B62: 고객 응대 자동화 | C62: LLM 응답 로딩/스켈레톤 UI(3~8초 지연 대응) | D62: 상 | E62: 예정 | F62: 본인 — Claude Code(터미널 직접실행 권장) | G62: 2026-09-18(금) | H62: 신규, 비동기UX 누락발견 반영
A63: 3 | B63: 고객 응대 자동화 | C63: AI 호출 재시도를 개별호출 2회로 제한(1문의=최대3 Claude호출) + 호출당 타임아웃(최초10초/재시도5초) | D63: 최상 | E63: 예정 | F63: 본인 — Claude Code(터미널 직접실행 권장) | G63: 2026-09-19(토) | H63: 신규, 비용통제 2 — 2026-09-01 크로스체크로 1회→2회 상향 확정. 9/15 정정: LangGraph 전제 제거(CLAUDE.md가 StateGraph 도입 금지 — 단일 호출 구조)
A64: 3 | B64: 고객 응대 자동화 | C64: AI 문의 엔드포인트 Rate Limit(IP당 분당10회) + LLM 사용량 로깅(토큰/지연/상태 기록) | D64: 상 | E64: 예정 | F64: 본인 — Claude Code(터미널 직접실행 권장) | G64: 2026-09-21(월) | H64: 신규, 비용통제 3
A65: 3 | B65: 고객 응대 자동화 | C65: AI/iCal 실패시 에러 Toast·Fallback 안내 처리 | D65: 상 | E65: 예정 | F65: 본인 — Claude Code(터미널 직접실행 권장) | G65: 2026-09-23(수) | H65: 신규
A66: 3 | B66: 고객 응대 자동화 | C66: 문의 자동분류(예약/체크인/컴플레인/일반) | D66: 상 | E66: 예정 | F66: 본인 — Claude Code(터미널 직접실행 권장) | G66: 2026-09-19(토)
A67: 3 | B67: 고객 응대 자동화 | C67: 외국인 게스트 언어 자동감지 + 다국어(영/중/일) 응답 생성 | D67: 최상 | E67: 예정 | F67: 본인 — Claude Code(터미널 직접실행 권장) | G67: 2026-09-21(월) | H67: ★차별점
A68: 3 | B68: 고객 응대 자동화 | C68: AI 답변 '근거' 표시 UI(참고 KB 나열) + 마크다운 렌더링 처리 | D68: 상 | E68: 예정 | F68: 본인 — Claude Code(터미널 직접실행 권장) | G68: 2026-09-23(수) | H68: AI 텍스트 날것 노출 방지
A69: 3 | B69: 고객 응대 자동화 | C69: 위험도 분류 적용(자동:와이파이/체크인시간/주차/비번 vs 승인필요:환불/변경/할인/보상/민원/고장/안전) | D69: 최상 | E69: 예정 | F69: 본인 — Gemini(검토·콘텐츠 초안 보조) | G69: 2026-09-22(화)
A70: 3 | B70: 고객 응대 자동화 | C70: 체크인/체크아웃 안내, 리뷰요청 자동화 | D70: 중 | E70: 예정 | F70: 본인 — Claude Code(터미널 직접실행 권장) | G70: 2026-09-22(화)
A71: 3 | B71: 고객 응대 자동화 | C71: 예약 상세화면→AI대화내역→Action Center 처리이력으로 이어지는 통합 딥링크/단일플로우 구현 | D71: 최상 | E71: 예정 | F71: 본인 — Claude Code(터미널 직접실행 권장) | G71: 2026-09-23(수) | H71: [연장근무일] 신규, 위험1(Context Switch) 대응 — 화면이 따로 노는 'API조합툴'처럼 보이지 않게
A72: 3 | B72: 고객 응대 자동화 | C72: 중간 회귀체크포인트1: 1~3단계 기능 통합 재확인(예약→AI응대까지 흐름 재실행) | D72: 상 | E72: 예정 | F72: 본인 — Claude Code(터미널 직접실행 권장) | G72: 2026-09-23(수) | H72: [연장근무일] 신규, QA를 마지막에 몰지 않기
A73: 3 | B73: 고객 응대 자동화 | C73: ✅ 3단계 검증: 교차오답 테스트 + 의도적 API실패 유발후 에러UI 확인 | D73: 최상 | E73: 예정 | F73: 본인 — Gemini(교차검증 보조) | G73: 2026-09-24(목) | H73: 검증
A74: 4 | B74: 비대면 체크인 | C74: 예약확정시 임시 비밀번호 자동생성/만료 로직 | D74: 상 | E74: 예정 | F74: 본인 — Claude Code(터미널 직접실행 권장) | G74: 2026-09-25(금)
A75: 4 | B75: 비대면 체크인 | C75: 스마트락 100% Mock 확정 + '시뮬레이션' 뱃지 표시 | D75: 중 | E75: 예정 | F75: 본인 — Claude Code(터미널 직접실행 권장) | G75: 2026-09-26(토) | H75: Real/Mock UI 구분표시 반영
A76: 4 | B76: 비대면 체크인 | C76: Mock 락 상태 대시보드(잠김/열림/배터리) | D76: 중 | E76: 예정 | F76: 본인 — Claude Code(터미널 직접실행 권장) | G76: 2026-09-26(토) | H76: Mock
A77: 4 | B77: 청소·시설 관리 | C77: 예약확정 시점 청소작업 선제생성 로직(scheduled_at=체크아웃 시각, 9/3 크로스체크로 시점 정정 — 전날알림 기능 성립을 위해 필요) | D77: 최상 | E77: 예정 | F77: 본인 — Claude Code(터미널 직접실행 권장) | G77: 2026-09-25(금) | H77: 신규, 생성시점 정정
A78: 4 | B78: 청소·시설 관리 | C78: 청소 상태머신 구현(PENDING→ASSIGNED→IN_PROGRESS→COMPLETED→VERIFIED/ISSUE) | D78: 최상 | E78: 예정 | F78: 본인 — Gemini(검토·콘텐츠 초안 보조) | G78: 2026-09-24(목)
A79: 4 | B79: 청소·시설 관리 | C79: 예약변경시 청소시간 자동 재계산 로직 | D79: 상 | E79: 예정 | F79: 본인 — Claude Code(터미널 직접실행 권장) | G79: 2026-09-25(금)
A80: 4 | B80: 청소·시설 관리 | C80: Empty State/에러처리 청소·체크인 화면 반영 | D80: 상 | E80: 예정 | F80: 본인 — Claude Code(터미널 직접실행 권장) | G80: 2026-09-26(토) | H80: 신규
A81: 4 | B81: 청소·시설 관리 | C81: 문자API(알리고 등) 청소업체 알림 자동발송 | D81: 상 | E81: 예정 | F81: 본인 — Claude Code(터미널 직접실행 권장) | G81: 2026-09-28(월) | H81: 카카오알림톡 대신 채택
A82: 4 | B82: 청소·시설 관리 | C82: 체크리스트+사진업로드 완료확인(VERIFIED 단계) | D82: 중 | E82: 예정 | F82: 본인 — Claude Code(터미널 직접실행 권장) | G82: 2026-09-28(월)
A83: 4 | B83: 청소·시설 관리 | C83: 호스텔 객실(Room)단위 정비 체크리스트 + 비품부족 체크박스 | D83: 중 | E83: 예정 | F83: 본인 — Gemini(검토·콘텐츠 초안 보조) | G83: 2026-09-28(월) | H83: ★차별점
A84: 4 | B84: 청소·시설 관리 | C84: ✅ 4단계 검증: 체크아웃→청소생성→상태전이 전체 흐름 1회 시뮬레이션 | D84: 최상 | E84: 예정 | F84: 본인 — Gemini(교차검증 보조) | G84: 2026-09-29(화) | H84: 검증
A85: 5 | B85: 정산 리포트 | C85: 데모 시드 데이터 스크립트 작성(호스트1+숙소3+예약15~20건+문의+청소+정산+긴급알림 시나리오, 발표 시점 기준 상대시간(체크인 D-1.5시간 등) 자동계산 로직 포함) | D85: 최상 | E85: 예정 | F85: 본인 — Gemini(검토·콘텐츠 초안 보조) | G85: 2026-10-02(금) | H85: 신규, 골든패스 시드데이터 + 시간동기화
A86: 5 | B86: 정산 리포트 | C86: 시드 스크립트 실행 및 데이터 정상 반영 확인 | D86: 최상 | E86: 예정 | F86: 본인 — Claude Code(터미널 직접실행 권장) | G86: 2026-10-02(금) | H86: 신규
A87: 5 | B87: 컴플라이언스 | C87: 개인정보 최소수집 원칙 점검(게스트데이터-RAG데이터 분리 확인) | D87: 상 | E87: 예정 | F87: 본인 — Gemini(검토·콘텐츠 초안 보조) | G87: 2026-10-01(목) | H87: 신규, 보안/개인정보
A88: 5 | B88: 동적 가격 책정 | C88: Mock UI '시뮬레이션' 뱃지 통일 적용(가격반영/OTA메시징) | D88: 상 | E88: 예정 | F88: 본인 — Claude Code(터미널 직접실행 권장) | G88: 2026-10-03(토) | H88: 신규, Real/Mock 구분표시
A89: 5 | B89: 정산 리포트 | C89: 채널별 수수료 템플릿 설계(Airbnb 15.5%, Booking.com 15~18% 등) | D89: 최상 | E89: 예정 | F89: 본인 — Gemini(검토·콘텐츠 초안 보조) | G89: 2026-09-29(화)
A90: 5 | B90: 정산 리포트 | C90: 1단계 자동추정 로직(Room 기본단가×박수-수수료) | D90: 최상 | E90: 예정 | F90: 본인 — Claude Code(터미널 직접실행 권장) | G90: 2026-09-30(수)
A91: 5 | B91: 정산 리포트 | C91: 2단계 일괄확인(Bulk Confirm) UI | D91: 상 | E91: 예정 | F91: 본인 — Claude Code(터미널 직접실행 권장) | G91: 2026-10-02(금)
A92: 5 | B92: 정산 리포트 | C92: 3단계 예외보정(Inline Edit, 차이나는 건만) | D92: 상 | E92: 예정 | F92: 본인 — Claude Code(터미널 직접실행 권장) | G92: 2026-10-02(금) | H92: 10~20% 목표(비율기준)
A93: 5 | B93: 정산 리포트 | C93: 취소/환불 반영 로직(refund_status 연동, 매출 자동제외) | D93: 최상 | E93: 예정 | F93: 본인 — Claude Code(터미널 직접실행 권장) | G93: 2026-09-30(수)
A94: 5 | B94: 정산 리포트 | C94: 채널별/숙소별/월별 집계 + financial_status 뱃지 표시 | D94: 상 | E94: 예정 | F94: 본인 — Claude Code(터미널 직접실행 권장) | G94: 2026-10-02(금)
A95: 5 | B95: 동적 가격 책정 | C95: 공휴일/지역축제 공공데이터 API 연동 추천가 로직 | D95: 상 | E95: 예정 | F95: 본인 — Claude Code(터미널 직접실행 권장) | G95: 2026-10-05(월)
A96: 5 | B96: 동적 가격 책정 | C96: 예약임박도·잔여객실 반영(기존 iCal데이터 활용) | D96: 중 | E96: 예정 | F96: 본인 — Gemini(검토·콘텐츠 초안 보조) | G96: 2026-10-05(월)
A97: 5 | B97: 동적 가격 책정 | C97: 공백일 미세조정+성수기 방치감지 배치로직(평일할인/주말·연휴인상, DB명세서 6절) | D97: 상 | E97: 예정 | F97: 본인 — Claude Code(터미널 직접실행 권장) | G97: 2026-10-05(월) | H97: 신규, 9/2 크로스체크로 추가확정
A98: 5 | B98: 알림·액션센터 | C98: Action Center 규칙기반 트리거 구현(최종스펙 규칙표 그대로) | D98: 최상 | E98: 예정 | F98: 본인 — Gemini(검토·콘텐츠 초안 보조) | G98: 2026-10-03(토) | H98: AI판단 개입 금지
A99: 5 | B99: 정산 리포트 | C99: 중간 회귀체크포인트2: 4~5단계 진행분 재확인(청소→정산 흐름 재실행) | D99: 상 | E99: 예정 | F99: 본인 — Claude Code(터미널 직접실행 권장) | G99: 2026-10-05(월) | H99: [연장근무일] 신규
A100: 5 | B100: 동적 가격 책정 | C100: 추천가+근거 카드 UI, 승인클릭→Mock반영, 하한가 경고 | D100: 상 | E100: 예정 | F100: 본인 — Claude Code(터미널 직접실행 권장) | G100: 2026-10-05(월)
A101: 5 | B101: 알림·액션센터 | C101: 🔴🟡🟢 통합 위젯 대시보드 구현 | D101: 최상 | E101: 예정 | F101: 본인 — Claude Code(터미널 직접실행 권장) | G101: 2026-10-03(토)
A102: 5 | B102: 알림·액션센터 | C102: 각 이벤트 소스 연결(예약·청소·AI승인·서류만료·정산) | D102: 상 | E102: 예정 | F102: 본인 — Claude Code(터미널 직접실행 권장) | G102: 2026-10-03(토)
A103: 5 | B103: 컴플라이언스 | C103: 숙박업 유형별 체크리스트 정적 JSON 템플릿, 법정명칭 정확표기 | D103: 상 | E103: 예정 | F103: 본인 — Gemini(검토·콘텐츠 초안 보조) | G103: 2026-10-01(목) | H103: ★차별점
A104: 5 | B104: 컴플라이언스 | C104: 업종별 킬러요건 1~2개 노출(여권보관/수질검사/소방안전관리자 등) | D104: 중 | E104: 예정 | F104: 본인 — Gemini(검토·콘텐츠 초안 보조) | G104: 2026-10-02(금)
A105: 5 | B105: 컴플라이언스 | C105: EVENT_BASED 변경신고 D+30 카운트다운 로직 | D105: 상 | E105: 예정 | F105: 본인 — Claude Code(터미널 직접실행 권장) | G105: 2026-10-02(금)
A106: 5 | B106: 정산 리포트 | C106: 정산·가격 화면에 로딩/에러/빈상태 UI 적용 | D106: 상 | E106: 예정 | F106: 본인 — Claude Code(터미널 직접실행 권장) | G106: 2026-10-05(월) | H106: [연장근무일] 신규, 예외UX 확대
A107: 5 | B107: 컴플라이언스 | C107: ✅ 5단계 검증: 정산 3단계 파이프라인 + 알림센터 트리거 실데이터로 재현 | D107: 최상 | E107: 예정 | F107: 본인 — Gemini(교차검증 보조) | G107: 2026-10-05(월) | H107: 검증
A108: 5.5 | B108: 통합QA·보안 | C108: 전체 기능 회귀테스트(예약→청소→AI→정산→알림 전체 플로우 1회 통관) | D108: 최상 | E108: 예정 | F108: 본인 — Claude Code(터미널 직접실행 권장) | G108: 2026-10-08(목) | H108: [연장근무일] 신규
A109: 5.5 | B109: 통합QA·보안 | C109: 예외케이스 전수점검(중복예약/취소/환불/iCal실패/LLM실패/DB실패 에러UI 확인) | D109: 최상 | E109: 예정 | F109: 본인 — Claude Code(터미널 직접실행 권장) | G109: 2026-10-08(목) | H109: [연장근무일] 신규
A110: 5.5 | B110: 통합QA·보안 | C110: 보안점검: 비밀번호 해시 확인, .env/GitHub secret 노출여부 검색 | D110: 최상 | E110: 예정 | F110: 본인 — Claude Code(터미널 직접실행 권장) | G110: 2026-10-08(목) | H110: [연장근무일] 신규
A111: 5.5 | B111: 통합QA·보안 | C111: Real/Mock UI 라벨 전수 확인(스마트락/가격반영/OTA메시징 '시뮬레이션' 표시) | D111: 최상 | E111: 예정 | F111: 본인 — Claude Code(터미널 직접실행 권장) | G111: 2026-10-08(목) | H111: [연장근무일] 신규
A112: 5.5 | B112: 통합QA·보안 | C112: 1920x1080 데스크톱+Chrome 기준 화면 확인 | D112: 상 | E112: 예정 | F112: 본인 — Claude Code(터미널 직접실행 권장) | G112: 2026-10-09(금) | H112: [연장근무일] 신규
A113: 5.5 | B113: 통합QA·보안 | C113: README.md 작성(소개/아키텍처/스택/설치법/환경변수/Demo계정/Real·Mock범위) | D113: 상 | E113: 예정 | F113: 본인 — Gemini(검토·콘텐츠 초안 보조) | G113: 2026-10-08(목) | H113: [연장근무일] 신규
A114: 6 | B114: 마무리 | C114: GitHub 저장소 최종정리 + 프로덕션 배포 전환(스테이징→정식)+CORS 최종확인 | D114: 최상 | E114: 예정 | F114: 본인 — Claude Code(터미널 직접실행 권장) | G114: 2026-10-08(목) | H114: 조기배포 덕분에 최종전환만
A115: 6 | B115: 마무리 | C115: Mock/Real 표현 최종점검 + '숙소운영특화 AI Agent' 표현 일관성 점검 | D115: 최상 | E115: 예정 | F115: 본인 — Claude Code(터미널 직접실행 권장) | G115: 2026-10-09(금)
A116: 6 | B116: 마무리 | C116: 발표 슬라이드 최종본 확정(AI Agent Loop 다이어그램 포함) | D116: 최상 | E116: 예정 | F116: 본인 직접(콘텐츠 확인/검토, 코드작업 아님) | G116: 2026-10-09(금)
A117: 6 | B117: 마무리 | C117: 영상 대본/콘티 초안 작성(화면 흐름·나레이션 포인트 먼저 잡기, 최종 코드 완성 전에도 가능) | D117: 상 | E117: 예정 | F117: 본인 — Gemini(검토·콘텐츠 초안 보조) | G117: 2026-10-07(수) | H117: 9/4 추가, 마지막날 몰림 방지
A118: 6 | B118: 마무리 | C118: 영상 대본/콘티 최종본 확정(10/7 초안 기반, 실제 화면 캡처 반영) | D118: 최상 | E118: 예정 | F118: 본인 직접(콘텐츠 확인/검토, 코드작업 아님) | G118: 2026-10-09(금)
A119: 6 | B119: 마무리 | C119: 제출용 설명문서 최종본 정리(9/3 기획서 확장판: 배경/주제/기술스택/아키텍처/사용법) | D119: 최상 | E119: 예정 | F119: 본인 — Gemini(검토·콘텐츠 초안 보조) | G119: 2026-10-06(화) | H119: 신규, 외부제출마감(10/10)
A120: 6 | B120: 마무리 | C120: [야간] 화면 녹화 + 음성 나레이션 녹음 | D120: 최상 | E120: 예정 | F120: 본인 — Gemini(검토·콘텐츠 초안 보조) | G120: 2026-10-09(금) | H120: 본인 실행, 시간소요 큼. 구간 4분할(로그인+대시보드/예약생성/AI응대/청소+정산), 목표 길이 10분 내외(docs/video_recording_setup.md 참조)
A121: 6 | B121: 마무리 | C121: 아침 검토: 전날 녹화분 확인, 재촬영 필요분 파악 | D121: 최상 | E121: 예정 | F121: 본인 직접(콘텐츠 확인/검토, 코드작업 아님) | G121: 2026-10-10(토)
A122: 6 | B122: 마무리 | C122: [야간] 영상 편집(컷/자막/전환) + 렌더링 | D122: 최상 | E122: 예정 | F122: 본인 — Gemini(검토·콘텐츠 초안 보조) | G122: 2026-10-10(토) | H122: 가장 시간소요 큰 작업. BGM은 제외(시간압박 최고조인 날, 데모영상은 화면+설명이 핵심이지 BGM 없어도 무방, 9/5 재검토로 결정)
A123: 6 | B123: 마무리 | C123: 최종 포맷/용량 확인 + 백업본 준비 + 최종 제출 | D123: 최상 | E123: 예정 | F123: 본인 — Claude Code(터미널 직접실행 권장) | G123: 2026-10-10(토) | H123: 제출 마감
A124: 6 | B124: 마무리 | C124: ✅ 설명문서 + 소스코드(ZIP) PBT 제출(외부마감 10/10) | D124: 최상 | E124: 예정 | F124: 본인 — Claude Code(터미널 직접실행 권장) | G124: 2026-10-10(토) | H124: 제출물 3종: 설명문서·소스코드(ZIP)·발표자료(PPT). 영상은 제출물이 아니며 10/12 발표 시연용. 파일명 3기_3차_신경주_○○○. 제출경로 PBT → 프로젝트 섹션 → [3차 최종 제출]
A125: 6.5 | B125: 최종 데모검증 | C125: 데모 데이터 시드 재실행(DB 초기화+골든패스 데이터 재세팅) | D125: 최상 | E125: 예정 | F125: 본인 — Claude Code(터미널 직접실행 권장) | G125: 2026-10-11(일) | H125: 신규, Demo Reset
...

Sheet 9단계 검증 체크리스트
A1: 9단계 검증 체크리스트 (결과 확인 리스트)
A3: 단계 | B3: 검증 예정일 | C3: 결과 확인 리스트(Definition of Done) | D3: 판정 근거(9/9 추가)
A4: 1단계: 데이터모델(P0) | B4: 2026-09-04(금) | C4: □ Host-Property-Room-Bed 계층이 3룸숙소/호스텔 둘 다 표현되는가 □ ENUM/상태값 3종(reservation/refund/financial)이 분리됐는가 □ ERD와 API Contract가 실제 스키마와 일치하는가
A5: 1.5단계: UI/UX 설계 | B5: 2026-09-09(수) | C5: ☑ 11개 화면 목록에 빠진 화면이 없는가 ☑ 설계 문서(ui_design 6·7절)와 구현 계획이 실제 사용흐름과 맞는가 ☑ 공통 컴포넌트(Loading/Empty/Error/Toast)가 정의됐는가 ☑ 회원가입/로그인 플로우가 설계에 포함됐는가 | D5: ① ui_design 7-7 커버리지 표로 11개 라우트 전수 확인 ② 후보 25건 추출, 3회 독립 크로스체크로 판정 — 완료 9 / 종결·흡수 4 / 부분 3 / 미완 9. 미완은 전부 착수일 지정하여 이월 ③ ui_design 5-9절. 9/9에 폼 화면용 어휘(입력대기/제출중/실패/성공)를 추가로 분리 ④ api_contract v2.3, ui_design 4-1·4-2·7-2, 401 정책 1-6
A6: 2단계: 기반 인프라 | B6: 2026-09-15(화) | C6: □ 실제 iCal URL로 캘린더 반영/중복감지가 되는가 □ 3룸 전체예약시 하위 Room이 모두 블록되는가 □ 스테이징 배포(Vercel/Render/Supabase)가 조기에 연결됐는가 □ '실시간' 표현이 남아있지 않은가
A7: 3단계: 고객 응대 자동화 | B7: 2026-09-27(일) | C7: □ 교차오답 없이 숙소별로 정확히 분리되는가 □ 영/중/일 응답이 자연스러운가 □ LLM 응답지연시 스켈레톤/로딩 UI가 뜨는가 □ API 실패시 에러 UI가 뜨는가(빈화면 아님)
A8: 4단계: 체크인+청소 | B8: 2026-10-03(토) | C8: □ 체크아웃→청소생성→상태전이가 정상 흐르는가 □ 예약변경시 청소시간이 재계산되는가 □ Empty/Error 상태가 청소·체크인 화면에도 적용됐는가
A9: 5단계: 정산·가격·알림·컴플라이언스 | B9: 2026-10-07(수) | C9: □ 정산 3단계 파이프라인이 실데이터로 재현되는가 □ 취소/환불이 매출에서 자동 제외되는가 □ Action Center가 규칙대로만 트리거되는가(AI판단 없이) □ 시드데이터가 정상 반영됐는가
A10: 5.5단계: 통합QA·보안 | B10: 2026-10-08(목) | C10: □ 전체 플로우 회귀테스트를 통과했는가 □ 중복예약/취소/API실패 등 예외케이스 에러UI를 확인했는가 □ 비밀번호 해시/.env/GitHub secret 노출이 없는가 □ 모든 Mock 기능에 '시뮬레이션' 뱃지가 표시되는가 □ README가 작성됐는가
A11: 6단계: 마무리 | B11: 2026-10-10(토) | C11: □ 프로덕션 배포본이 실제로 접속되는가 □ 슬라이드/영상에 Mock/Real 표현 오류가 없는가 □ 영상 음성 나레이션이 끝까지 정상 재생되는가 □ 제출 포맷/용량이 요건에 맞는가
A12: 6.5단계: 최종 데모검증 | B12: 2026-10-11(일) | C12: □ 시드데이터 재실행 후 데모 데이터가 깨끗한가 □ E2E 시나리오(로그인→...→정산)가 끊김없이 진행되는가 □ 발표 당일(10/12) 웜업 절차를 확인했는가 — 전날 웨이크업은 15분 뒤 무효 □ 예상 Q&A 답변이 준비됐는가 □ 발표영상 실제 재생 확인(음성·화면 끝까지 끊김없이 재생되는지)
A15: 일자별 할 일 리스트
A16: 날짜(요일) | B16: 단계 | C16: 주간(본인+Claude·구현) | D16: 야간(본인+Gemini·기획/콘텐츠) | E16: 비고
A17: 2026-08-31(월) | B17: 1단계 | C17: □ [신규] STEP0: DB명세서v1(3rd_host_ai_db_spec_v1.md)을 스키마 최종권위 문서로 확정 + 구버전 ERD(guests/payments 등 포함 폐기 초안) 폐기처리 | D17: □ [P0] Host-Property-Room-Bed 계층 스키마 확정(모두 optional) □ [P0] Property.accommodation_type 단일 ENUM 필드 확정
A18: 2026-09-01(화) | B18: 1단계 | C18: □ Reservation CHECK 제약(bookable_unit_type↔room_id/bed_id 조합) 확정 □ ROOMS/BEDS 계층 복합FK+UNIQUE + Reservation↔Channel/Room/Bed 동일Property 보장(통합확정) | D18: □ [P0] Reservation.bookable_unit_type(PROPERTY/ROOM/BED) 설계 □ [P0] PROPERTY 단위 예약시 하위 Room 전체 블록 인터셉터 로직 정의(본인 3룸숙소 실제케이스) □ [P0] reservation_status / refund_status 분리 설계 □ UNIQUE 복합제약 3종 확정(channel_connection_id+external_uid / property_id+target_month / property_id+channel) □ INQUIRY_RESPONSES 1:N + is_latest 플래그 설계 확정 □ FINANCIAL_CONFIGS→MONTHLY_SETTLEMENTS 관계 제거(스냅샷 분리) 확정 □ [신규] 제출용 기획서 초안 작성(주제/선정이유/일정표/기술스택 — 기존 대화내용 취합)
A19: 2026-09-02(수) | B19: 1단계 | C19: □ [P0] Property 단위 데이터 격리 원칙 확정(KB/Reservation/Checklist/SmartLock 전체) □ [신규] DB명세서↔ERD↔체크리스트 3문서 최종 동기화 확인 □ [신규] 기획서 최종 검토 및 다듬기 □ [신규] Azure Cloud 서비스 확인 완료 → Render로 최종 확정(Azure 전환 안함) □ [신규] Google AI Studio 무료 Gemini API키 미리 발급(백업용, 5분 소요, 스택변경 아님) | D19: □ [P0] financial_status(ESTIMATED/CONFIRMED/MANUALLY_ADJUSTED) 필드 설계 □ [P0] 날짜 5종 분리 확정(booked_at/check_in/check_out/expected_settlement_at/actual_settlement_at) □ [P0] ChannelConnection 모델 설계(channel/external_property_id/sync_status/last_synced_at) □ [P0] ChecklistTemplate.renewal_trigger_type(NONE/EXPIRATION_BASED/EVENT_BASED) 필드 추가 □ ACTION_ITEMS 중복생성 idempotency 정책 문서화(동일 reservation_id+category+OPEN 재사용) □ risk_level '규칙기반 우선순위'로 문서화(법적판단 아님 명시) □ 인덱스 요구사항 목록화(property_id 계열 전체+ActionCenter 복합인덱스, 실제생성은 9/5)
A20: 2026-09-03(목) | B20: 1단계 | C20: □ [신규] ✅ 기획서 제출(오전 11시 마감 — 주제/선정이유/일정표/기술스택 포함) | D20: □ [신규] ERD 다이어그램 작성(전체 엔티티 관계도) □ [신규] API Contract(엔드포인트 목록·요청/응답 스펙) 정의 □ [신규] 상태전이/이벤트 구조 다이어그램 정리(예약→청소→정산→알림 연결)
A21: 2026-09-04(금) | B21: 1단계 | C21: □ [검증] ✅ 1단계 검증: 스키마+ERD+API Contract 대조 확인 | D21: -
A22: 2026-09-05(토) | B22: 2단계,6단계 | C22: □ [신규] 로컬 개발 DB를 Docker Postgres로 전환 결정 및 세팅(MariaDB 대신, 문법불일치 리스크 원천차단) □ DB 스키마 구현(위 P0 설계 반영) □ [신규] GET /health 헬스체크 엔드포인트 구현(DB조회없이 즉시 응답, Render 슬립방지용 UptimeRobot 핑 대상) □ [신규] .env/.gitignore 초기 설정(API키·DB접속정보 분리, git 커밋 전 필수) | D22: □ [신규] 녹화·편집 환경 설정(OBS 설정+편집툴 확정)
A23: 2026-09-07(월) | B23: 1.5단계 | C23: - | D23: □ [신규] 전체 화면목록 확정(로그인·회원가입·온보딩2스텝·대시보드·캘린더·AI인박스·액션센터·청소·정산·컴플라이언스(설정탭)·지식베이스·설정) □ [신규] 핵심 화면 와이어프레임 제작(대시보드·예약모달·AI인박스·정산·온보딩) □ [신규] 디자인시스템 공통 컴포넌트 정의(Header/Sidebar/Card/Badge/Modal/Toast/Loading/EmptyState) | E23: 🌙 연장근무일(+3h)
A24: 2026-09-08(화) | B24: 2단계 | C24: ☑ 통합 대시보드 뼈대(3~5개 숙소 한눈에 보기) | D24: -
A25: 2026-09-09(수) | B25: 1.5단계 | C25: ☑ [신규] 회원가입/로그인 화면+API 설계(JWT) ☑ [검증] ✅ 1.5단계 검증: 와이어프레임 실제 흐름대로 클릭 시뮬레이션 리뷰 | D25: ☑ [신규] User Flow 다이어그램 작성(화면간 이동 구조) | E25: 🌙 연장근무일(+3h) ※ User Flow는 D열(야간·Gemini)에 있으나 실제로는 Claude Code가 주간에 작성. 열은 옮기지 않았다(9/9).
A26: 2026-09-10(목) | B26: 2단계 | C26: ☑ iCal 연동 + ChannelConnection 구현(sync_status/last_synced_at 표시) | D26: -
A27: 2026-09-11(금) | B27: 2단계 | C27: ☑ [신규] 회원가입/로그인 화면+API 구현(JWT, 비밀번호는 bcrypt 해시로 저장) | D27: - | E27: 🌙 연장근무일(+3h)
A28: 2026-09-12(토) | B28: 2단계 | C28: ☑ 통합 캘린더 뷰: 독채=Property행 / 호스텔=Room 아코디언-Bed행 □ iCal 동기화 시점 중복예약 충돌 감지 + 수동 새로고침 버튼 | D28: -
A29: 2026-09-14(월) | B29: 2단계 | C29: ☑ Property 전체대여시 하위 Room 전체 블록 인터셉터 구현(본인 3룸숙소 핵심케이스) ☑ [검증] EXCLUDE USING GIST 겹침방지 제약조건 실제동작 테스트(겹침예약 insert시 DB레벨 차단 확인) | D29: ☑ Room 전체대여시 하위 Bed 전체 블록 인터셉터 구현(호스텔 확장용) | E29: 🌙 연장근무일(+3h)
A30: 2026-09-15(화) | B30: 2단계 | C30: □ [검증] ✅ 2단계 검증: 실제 iCal URL로 캘린더 반영·중복감지 정상동작 확인 | D30: □ 네이버예약 채널카드 UI '내보내기 전용' 표시
A31: 2026-09-16(수) | B31: 2단계 | C31: □ [신규] 채널연결(iCal URL) 실패시 에러 안내 UI(잘못된 URL/파싱실패 케이스) ☑ [신규] 로딩/에러/빈상태 공통 컴포넌트 적용 시작(캘린더 화면) | D31: -
A32: 2026-09-17(목) | B32: 3단계 | C32: □ 자체 통합 인박스(게스트 채팅 시뮬레이터 UI) ☑ [신규] Claude API 초기설정: $5 선충전 + 월 Spend Limit $10 설정 + Dev/Prod API키 분리 | D32: -
A33: 2026-09-18(금) | B33: 3단계 | C33: □ [신규] LLM 응답 로딩/스켈레톤 UI(3~8초 지연 대응) | D33: □ 숙소별 RAG 지식베이스 구축(로컬 벡터검색, LLM비용無) + property_id 스코프 격리 + 개발용 응답캐시(동일질문 반복시 API 미호출) | E33: 🌙 연장근무일(+3h)
A34: 2026-09-19(토) | B34: 3단계 | C34: □ [신규] AI 호출 재시도를 개별호출 2회로 제한(1문의=최대3 Claude호출) + 호출당 타임아웃(최초10초/재시도5초) □ 문의 자동분류(예약/체크인/컴플레인/일반) | D34: -
A35: 2026-09-21(월) | B35: 3단계 | C35: □ [신규] AI 문의 엔드포인트 Rate Limit(IP당 분당10회) + LLM 사용량 로깅(토큰/지연/상태 기록) □ 외국인 게스트 언어 자동감지 + 다국어(영/중/일) 응답 생성 | D35: - | E35: 🌙 연장근무일(+3h)
A36: 2026-09-22(화) | B36: 3단계 | C36: □ 체크인/체크아웃 안내, 리뷰요청 자동화 | D36: □ 위험도 분류 적용(자동:와이파이/체크인시간/주차/비번 vs 승인필요:환불/변경/할인/보상/민원/고장/안전)
A37: 2026-09-23(수) | B37: 3단계 | C37: □ [신규] AI/iCal 실패시 에러 Toast·Fallback 안내 처리 □ AI 답변 '근거' 표시 UI(참고 KB 나열) + 마크다운 렌더링 처리 □ [신규] 예약 상세화면→AI대화내역→Action Center 처리이력으로 이어지는 통합 딥링크/단일플로우 구현 □ [신규] 중간 회귀체크포인트1: 1~3단계 기능 통합 재확인(예약→AI응대까지 흐름 재실행) | D37: - | E37: 🌙 연장근무일(+3h)
A38: 2026-09-24(목) | B38: 3단계,4단계 | C38: □ [검증] ✅ 3단계 검증: 교차오답 테스트 + 의도적 API실패 유발후 에러UI 확인 | D38: □ 청소 상태머신 구현(PENDING→ASSIGNED→IN_PROGRESS→COMPLETED→VERIFIED/ISSUE)
A39: 2026-09-25(금) | B39: 4단계 | C39: □ 예약확정시 임시 비밀번호 자동생성/만료 로직 □ [신규] 예약확정 시점 청소작업 선제생성 로직(scheduled_at=체크아웃 시각, 9/3 크로스체크로 시점 정정 — 전날알림 기능 성립을 위해 필요) □ 예약변경시 청소시간 자동 재계산 로직 | D39: -
A40: 2026-09-26(토) | B40: 4단계 | C40: □ [신규] Empty State/에러처리 청소·체크인 화면 반영 □ 스마트락 100% Mock 확정 + '시뮬레이션' 뱃지 표시 □ Mock 락 상태 대시보드(잠김/열림/배터리) | D40: - | E40: 🗓 근무일 — 명절휴무는 9/24~25뿐(최종 스펙 요약 B22)
A41: 2026-09-28(월) | B41: 4단계 | C41: □ 문자API(알리고 등) 청소업체 알림 자동발송 □ 체크리스트+사진업로드 완료확인(VERIFIED 단계) | D41: □ 호스텔 객실(Room)단위 정비 체크리스트 + 비품부족 체크박스 | E41: 🌙 연장근무일(+3h)
A42: 2026-09-29(화) | B42: 4단계,5단계 | C42: □ [검증] ✅ 4단계 검증: 체크아웃→청소생성→상태전이 전체 흐름 1회 시뮬레이션 | D42: □ 채널별 수수료 템플릿 설계(Airbnb 15.5%, Booking.com 15~18% 등)
A43: 2026-09-30(수) | B43: 5단계 | C43: □ 1단계 자동추정 로직(Room 기본단가×박수-수수료) □ 취소/환불 반영 로직(refund_status 연동, 매출 자동제외) | D43: - | E43: 🌙 연장근무일(+3h)
A44: 2026-10-01(목) | B44: 6단계,5단계 | C44: □ Vercel+Render+Supabase 스테이징=프로덕션 서비스 생성(뼈대 프로젝트로 CORS/env 연결 테스트, 10/8에 그대로 정식승격) □ [검증] .env.production 환경변수 설정(Vercel/Render/Supabase 키 분리) | D44: □ [신규] 개인정보 최소수집 원칙 점검(게스트데이터-RAG데이터 분리 확인) □ 숙박업 유형별 체크리스트 정적 JSON 템플릿, 법정명칭 정확표기
A45: 2026-10-02(금) | B45: 5단계 | C45: □ [신규] 시드 스크립트 실행 및 데이터 정상 반영 확인 □ 2단계 일괄확인(Bulk Confirm) UI □ 3단계 예외보정(Inline Edit, 차이나는 건만) □ 채널별/숙소별/월별 집계 + financial_status 뱃지 표시 □ EVENT_BASED 변경신고 D+30 카운트다운 로직 | D45: □ [신규] 데모 시드 데이터 스크립트 작성(호스트1+숙소3+예약15~20건+문의+청소+정산+긴급알림 시나리오, 발표 시점 기준 상대시간(체크인 D-1.5시간 등) 자동계산 로직 포함) □ 업종별 킬러요건 1~2개 노출(여권보관/수질검사/소방안전관리자 등) | E45: 🌙 연장근무일(+3h)
A46: 2026-10-03(토) | B46: 5단계 | C46: □ [신규] Mock UI '시뮬레이션' 뱃지 통일 적용(가격반영/OTA메시징) □ 🔴🟡🟢 통합 위젯 대시보드 구현 □ 각 이벤트 소스 연결(예약·청소·AI승인·서류만료·정산) | D46: □ Action Center 규칙기반 트리거 구현(최종스펙 규칙표 그대로)
A47: 2026-10-05(월) | B47: 5단계 | C47: □ [신규] 중간 회귀체크포인트2: 4~5단계 진행분 재확인(청소→정산 흐름 재실행) □ 공휴일/지역축제 공공데이터 API 연동 추천가 로직 □ [신규] 정산·가격 화면에 로딩/에러/빈상태 UI 적용 □ [신규] 공백일 미세조정+성수기 방치감지 배치로직(평일할인/주말·연휴인상, DB명세서 6절) □ 추천가+근거 카드 UI, 승인클릭→Mock반영, 하한가 경고 □ [검증] ✅ 5단계 검증: 정산 3단계 파이프라인 + 알림센터 트리거 실데이터로 재현 | D47: □ 예약임박도·잔여객실 반영(기존 iCal데이터 활용) | E47: 🌙 연장근무일(+3h) · 검증일 — 개발 흡수 금지
A48: 2026-10-06(화) | B48: 6단계 | C48: - | D48: □ [신규] 발표 슬라이드 초안 작성(구성·화면 캡처·AI Agent Loop 다이어그램) □ [신규] 제출용 설명문서 최종본 정리(9/3 기획서 확장판: 배경/주제/기술스택/아키텍처/사용법)
A49: 2026-10-07(수) | B49: 6단계 | C49: - | D49: □ Clipchamp 10분 더미 영상 내보내기 테스트 □ 영상 대본/콘티 초안 작성(화면 흐름·나레이션 포인트 먼저 잡기, 최종 코드 완성 전에도 가능) | E49: 🌙 연장근무일(+3h)
A50: 2026-10-08(목) | B50: 5.5단계,6단계 | C50: □ [신규] 전체 기능 회귀테스트(예약→청소→AI→정산→알림 전체 플로우 1회 통관) □ [신규] 예외케이스 전수점검(중복예약/취소/환불/iCal실패/LLM실패/DB실패 에러UI 확인) □ [신규] 보안점검: 비밀번호 해시 확인, .env/GitHub secret 노출여부 검색 □ [신규] Real/Mock UI 라벨 전수 확인(스마트락/가격반영/OTA메시징 '시뮬레이션' 표시) □ GitHub 저장소 최종정리 + 프로덕션 배포 전환(스테이징→정식)+CORS 최종확인 | D50: □ [신규] README.md 작성(소개/아키텍처/스택/설치법/환경변수/Demo계정/Real·Mock범위)
A51: 2026-10-09(금) | B51: 5.5단계,6단계 | C51: □ [신규] 1920x1080 데스크톱+Chrome 기준 화면 확인 □ Mock/Real 표현 최종점검 + '숙소운영특화 AI Agent' 표현 일관성 점검 □ 발표 슬라이드 최종본 확정(AI Agent Loop 다이어그램 포함) □ 영상 대본/콘티 최종본 확정(10/7 초안 기반, 실제 화면 캡처 반영) | D51: □ [야간] 화면 녹화 + 음성 나레이션 녹음 | E51: 🌙 연장근무일(+3h)
A52: 2026-10-10(토) | B52: 6단계 | C52: □ 아침 검토: 전날 녹화분 확인, 재촬영 필요분 파악 □ 최종 포맷/용량 확인 + 백업본 준비 + 최종 제출 □ [신규] ✅ 설명문서 + 소스코드(ZIP) PBT 제출(외부마감 10/10) □ [신규] 소스코드 ZIP 생성(node_modules·.env·__pycache__ 제외 확인) | D52: □ [야간] 영상 편집(컷/자막/전환) + 렌더링
A53: 2026-10-11(일) | B53: 6.5단계 | C53: □ [신규] 데모 데이터 시드 재실행(DB 초기화+골든패스 데이터 재세팅) □ [신규] E2E 데모 시나리오 리허설(로그인→대시보드→액션센터→예약확인→AI문의→승인→청소→정산 1회 실행) □ [신규] 예상 Q&A 답변 준비(iCal 선택이유/DB전환이유/AI Agent vs 챗봇 차이 등) □ [검증] ✅ 6.5단계 검증: 배포본 재생·서버 웨이크업·발표 최종 리허설 □ 발표영상 실제 재생 확인(음성·화면 끝까지 끊김없이 재생되는지) □ [신규] ✅ 발표자료(PPT) PBT 제출(외부마감 10/11) | D53: -

Sheet 일자별 실행리스트(파일위치)
A1: 3rd Host AI — 일자별 실행리스트 (구분·파일위치·핵심포인트·주의점·확인방법)
A3: 날짜(요일) | B3: 단계 | C3: 구분 | D3: 카테고리 | E3: 세부 작업 | F3: 담당/활용도구 | G3: 파일 위치 | H3: 가장 중요한 포인트 | I3: 주의할 점 | J3: 완벽 확인방법
A4: 2026-08-31(월) | B4: 1단계 | C4: 문서확인 | D4: 데이터모델 설계(P0) | E4: Host-Property-Room-Bed 계층 스키마 확정(모두 optional) | F4: 본인 — Gemini(검토·콘텐츠보조) | G4: docs/3rd_host_ai_db_spec_v1.md (2.1~2.4절) | H4: 독채(3룸통대여)와 호스텔(개별실판매)을 하나의 구조로 동시 표현하는 것이 핵심 차별화 | I4: Room/Bed를 모두 optional로 둬야 함 — 강제로 NOT NULL 만들면 독채 예약 자체를 표현 못함 | J4: 3룸숙소=Property단위, 호스텔=Room단위 두 시나리오 모두 예약 생성이 가능한지 확인
A5: 2026-08-31(월) | B5: 1단계 | C5: 문서확인 | D5: 데이터모델 설계(P0) | E5: STEP0: DB명세서v1(3rd_host_ai_db_spec_v1.md)을 스키마 최종권위 문서로 확정 + 구버전 ERD(guests/payments 등 포함 폐기 초안) 폐기처리 | F5: 본인 — Claude(대화보조) | G5: docs/3rd_host_ai_db_spec_v1.md (전체) | H5: DB명세서에 이미 결정된 내용을 그대로 반영하는 단계 — 새로 고민하지 않는다 | I5: 임의로 필드나 값을 추가하지 않는다(범위확장 방지 원칙) | J5: DB명세서 해당 섹션과 실제 반영내용을 나란히 놓고 비교
A6: 2026-08-31(월) | B6: 1단계 | C6: 문서확인 | D6: 데이터모델 설계(P0) | E6: Property.accommodation_type 단일 ENUM 필드 확정 | F6: 본인 — Gemini(검토·콘텐츠보조) | G6: docs/3rd_host_ai_db_spec_v1.md (1. ENUM 타입 정의) | H6: 단일 ENUM(한 공간에 복수 숙박업 유형 등록은 법적으로 불가능하다고 확인됨) | I6: 6개 값 정확히(URBAN_HOMESTAY,RURAL_HOMESTAY,HANOK,HOSTEL,LODGING_FACILITY,GENERAL_LODGING) — PENSION/OTHER/HANOK_STAY 같은 임의값 절대 금지 | J6: DB명세서 1절 ENUM 정의와 실제 반영값을 한 글자씩 diff 비교
A7: 2026-09-01(화) | B7: 1단계 | C7: 문서확인 | D7: 데이터모델 설계(P0) | E7: Reservation.bookable_unit_type(PROPERTY/ROOM/BED) 설계 | F7: 본인 — Gemini(검토·콘텐츠보조) | G7: docs/3rd_host_ai_db_spec_v1.md (2.2 PROPERTIES / 2.6 RESERVATIONS) | H7: PROPERTY/ROOM/BED 3종 판매단위를 하나의 Reservation 테이블로 표현 | I7: 이 값과 room_id/bed_id 실사용 일치여부는 DB CHECK로 못 잡음(다른 테이블이라 PostgreSQL 일반 CHECK 불가) — 반드시 애플리케이션 검증 필요 | J7: bookable_unit_type=PROPERTY인데 room_id가 채워진 예약을 일부러 넣어보고 애플리케이션이 막는지 테스트
A8: 2026-09-01(화) | B8: 1단계 | C8: 문서확인 | D8: 데이터모델 설계(P0) | E8: PROPERTY 단위 예약시 하위 Room 전체 블록 인터셉터 로직 정의(본인 3룸숙소 실제케이스) | F8: 본인 — Gemini(검토·콘텐츠보조) | G8: docs/3rd_host_ai_db_spec_v1.md (2.6.1 예약 겹침 방지) | H8: 본인 3룸숙소의 실제 운영형태(통대여)를 반영하는 핵심 로직 | I8: EXCLUDE 제약만으로는 PROPERTY예약↔ROOM/BED예약 교차충돌을 못 막음 — 반드시 트랜잭션 검증 코드로 방어 | J8: 3룸 전체예약 확정 후 그 중 방 1개만 별도 예약 시도 → 반드시 차단되는지 확인
A9: 2026-09-01(화) | B9: 1단계 | C9: 문서확인 | D9: 데이터모델 설계(P0) | E9: reservation_status / refund_status 분리 설계 | F9: 본인 — Gemini(검토·콘텐츠보조) | G9: docs/3rd_host_ai_db_spec_v1.md (2.6 RESERVATIONS 컬럼) | H9: '투숙완료(COMPLETED)'와 '부분환불(PARTIAL)'을 동시에 표현할 수 있어야 함 | I9: 하나의 status 컬럼으로 합치면 이 조합 자체를 표현할 수 없음 | J9: COMPLETED+PARTIAL 조합을 실제로 저장해보고 정상 저장되는지 확인
A10: 2026-09-01(화) | B10: 1단계 | C10: 문서확인 | D10: 데이터모델 설계(P0) | E10: Reservation CHECK 제약(bookable_unit_type↔room_id/bed_id 조합) 확정 | F10: 본인 — Claude(대화보조) | G10: docs/3rd_host_ai_db_spec_v1.md (2.2 PROPERTIES / 2.6 RESERVATIONS) | H10: room_id/bed_id 조합의 '내부 형태'만 DB가 검증 가능 | I10: PostgreSQL CHECK는 다른 테이블(PROPERTIES) 값을 볼 수 없음 — bookable_unit_type과의 교차일치는 앱 책임임을 반드시 인지 | J10: 유효하지 않은 조합(bed_id만 있고 room_id는 NULL 등) INSERT 시도 → DB가 거부하는지
A11: 2026-09-01(화) | B11: 1단계 | C11: 문서확인 | D11: 데이터모델 설계(P0) | E11: ROOMS/BEDS 계층 복합FK+UNIQUE + Reservation↔Channel/Room/Bed 동일Property 보장(통합확정) | F11: 본인 — Claude(대화보조) | G11: docs/3rd_host_ai_db_spec_v1.md (2.3 ROOMS / 2.4 BEDS / 2.6 RESERVATIONS (A)) | H11: 다른 숙소 소속 Room을 잘못 참조하는 데이터오염을 DB가 원천 차단 | I11: UNIQUE(room_id,property_id)는 중복방지용이 아니라 복합FK 참조용 후보키 — room_name/bed_label UNIQUE가 실제 중복방지 역할 | J11: Property A 소속 room_id를 Property B의 예약에 넣어보고 FK 위반으로 거부되는지 확인
A12: 2026-09-01(화) | B12: 1단계 | C12: 문서확인 | D12: 데이터모델 설계(P0) | E12: UNIQUE 복합제약 3종 확정(channel_connection_id+external_uid / property_id+target_month / property_id+channel) | F12: 본인 — Gemini(검토·콘텐츠보조) | G12: docs/3rd_host_ai_db_spec_v1.md (2.5 / 2.6 / 2.8절) | H12: 플랫폼별 예약UID/월별정산/채널연결 각각 중복 방지 | I12: 채널당 연결 1개 제한은 이번 MVP 한정 — 향후 여러 리스팅 대응은 2차 과제 | J12: 같은 property+channel 조합을 2번 생성 시도했을 때 에러가 나는지 확인
A13: 2026-09-01(화) | B13: 1단계 | C13: 문서확인 | D13: 데이터모델 설계(P0) | E13: INQUIRY_RESPONSES 1:N + is_latest 플래그 설계 확정 | F13: 본인 — Gemini(검토·콘텐츠보조) | G13: docs/3rd_host_ai_db_spec_v1.md (2.12 INQUIRY_RESPONSES) | H13: 재시도/재답변 이력을 보존하는 1:N + is_latest 구조 | I13: 새 응답을 만들 때 기존 is_latest를 먼저 false로 바꾸는 걸 빠뜨리면 부분UNIQUE 인덱스 위반 에러 발생 | J13: 같은 문의에 응답 2번 생성 후 is_latest=true인 행이 정확히 1개인지 쿼리로 확인
A14: 2026-09-01(화) | B14: 1단계 | C14: 문서확인 | D14: 데이터모델 설계(P0) | E14: FINANCIAL_CONFIGS→MONTHLY_SETTLEMENTS 관계 제거(스냅샷 분리) 확정 | F14: 본인 — Gemini(검토·콘텐츠보조) | G14: docs/3rd_host_ai_db_spec_v1.md (2.7 FINANCIAL_CONFIGS / 2.8 MONTHLY_SETTLEMENTS) | H14: 정산은 스냅샷 — 수수료율이 나중에 바뀌어도 과거 정산결과는 불변이어야 함 | I14: FINANCIAL_CONFIGS와 직접 FK로 연결하면 안 됨. applied_commission_rate 컬럼에 계산 당시 값을 별도로 저장 | J14: 수수료율을 0.155→0.16으로 바꾼 뒤, 과거 정산행의 applied_commission_rate가 여전히 0.155인지 확인
... A106: 2026-10-05(월) | B106: 5단계 | C106: 코드구현 | D106: 컴플라이언스 | E106: ✅ 5단계 검증: 정산 3단계 파이프라인 + 알림센터 트리거 실데이터로 재현 | F106: 본인 — Claude Code(터미널 직접실행 권장) | G106: backend/ 또는 frontend/ (세부 위치는 해당일 착수시 확정) | H106: 자동추정→일괄확인→예외보정 3단계로 수작업을 최소화(엑셀 수기정산과 다르게 만드는 것이 목표) | I106: iCal에는 결제정보가 없어 모든 금액이 추정치 — financial_status(ESTIMATED/CONFIRMED/MANUALLY_ADJUSTED)로 신뢰도를 반드시 구분표시 | J106: 전체 예약 중 예외건(할인적용 등)만 수동수정하고 나머지는 1클릭으로 끝나는지 확인
A107: 2026-10-06(화) | B107: 6단계 | C107: 신규작성 | D107: 마무리 | E107: 발표 슬라이드 초안 작성(구성·화면 캡처·AI Agent Loop 다이어그램) | F107: 본인 — Gemini(검토·콘텐츠보조) | G107: 발표자료(PPTX)
A108: 2026-10-06(화) | B108: 6단계 | C108: 신규작성 | D108: 마무리 | E108: 제출용 설명문서 최종본 정리(9/3 기획서 확장판: 배경/주제/기술스택/아키텍처/사용법) | F108: 본인 — Gemini(검토·콘텐츠보조) | G108: docs/project_plan_draft.md (신규생성) | H108: Feature Freeze 이후에는 로직 변경 없이 텍스트·설정만 수정 | I108: 제출 직전 급하게 뭔가 더 고치려는 유혹을 참는다 | J108: 최종 산출물(배포본/영상/문서)을 처음부터 끝까지 직접 재생·재확인
A109: 2026-10-07(수) | B109: 6단계 | C109: 설계/콘텐츠 | D109: 마무리 | E109: Clipchamp 10분 더미 영상 내보내기 테스트 | F109: 본인 — Gemini(검토·콘텐츠보조) | G109: 외부(Clipchamp) | H109: Feature Freeze 이후에는 로직 변경 없이 텍스트·설정만 수정 | I109: 제출 직전 급하게 뭔가 더 고치려는 유혹을 참는다 | J109: 최종 산출물(배포본/영상/문서)을 처음부터 끝까지 직접 재생·재확인
A110: 2026-10-07(수) | B110: 6단계 | C110: 설계/콘텐츠 | D110: 마무리 | E110: 영상 대본/콘티 초안 작성(화면 흐름·나레이션 포인트 먼저 잡기, 최종 코드 완성 전에도 가능) | F110: 본인 — Gemini(검토·콘텐츠보조) | G110: docs/video_script.md | H110: Feature Freeze 이후에는 로직 변경 없이 텍스트·설정만 수정 | I110: 제출 직전 급하게 뭔가 더 고치려는 유혹을 참는다 | J110: 최종 산출물(배포본/영상/문서)을 처음부터 끝까지 직접 재생·재확인
A111: 2026-10-08(목) | B111: 5.5단계 | C111: 코드구현 | D111: 통합QA·보안 | E111: 전체 기능 회귀테스트(예약→청소→AI→정산→알림 전체 플로우 1회 통관) | F111: 본인 — Claude Code(터미널 직접실행 권장) | G111: backend/tests/test_full_flow.py | H111: 자동추정→일괄확인→예외보정 3단계로 수작업을 최소화(엑셀 수기정산과 다르게 만드는 것이 목표) | I111: iCal에는 결제정보가 없어 모든 금액이 추정치 — financial_status(ESTIMATED/CONFIRMED/MANUALLY_ADJUSTED)로 신뢰도를 반드시 구분표시 | J111: 전체 예약 중 예외건(할인적용 등)만 수동수정하고 나머지는 1클릭으로 끝나는지 확인
A112: 2026-10-08(목) | B112: 5.5단계 | C112: 코드구현 | D112: 통합QA·보안 | E112: 예외케이스 전수점검(중복예약/취소/환불/iCal실패/LLM실패/DB실패 에러UI 확인) | F112: 본인 — Claude Code(터미널 직접실행 권장) | G112: backend/app/services/ical_sync.py | H112: 배포 전 마지막 방어선 — 여기서 놓치면 발표 중 사고로 직결 | I112: 체크리스트 일부만 하지 말고 전체 시나리오를 빠짐없이 재현 | J112: 각 항목을 실제로 테스트해보고 결과를 기록
A113: 2026-10-08(목) | B113: 5.5단계 | C113: 코드구현 | D113: 통합QA·보안 | E113: 보안점검: 비밀번호 해시 확인, .env/GitHub secret 노출여부 검색 | F113: 본인 — Claude Code(터미널 직접실행 권장) | G113: backend/app/core/security.py | H113: 배포 전 마지막 방어선 — 여기서 놓치면 발표 중 사고로 직결 | I113: 체크리스트 일부만 하지 말고 전체 시나리오를 빠짐없이 재현 | J113: 각 항목을 실제로 테스트해보고 결과를 기록
A114: 2026-10-08(목) | B114: 5.5단계 | C114: 코드구현 | D114: 통합QA·보안 | E114: Real/Mock UI 라벨 전수 확인(스마트락/가격반영/OTA메시징 '시뮬레이션' 표시) | F114: 본인 — Claude Code(터미널 직접실행 권장) | G114: backend/app/services/doorlock_mock.py | H114: 1개도 실연동 시도하지 않고 개발 착수부터 100% Mock으로 확정(시간 확보) | I114: 화면에 '시뮬레이션'임을 명확히 표시해야 함 — 실제 연동처럼 보이면 심사 시 오해 소지 | J114: 화면에 Mock 뱃지가 육안으로 확인되는지
A115: 2026-10-08(목) | B115: 5.5단계 | C115: 설계/콘텐츠 | D115: 통합QA·보안 | E115: README.md 작성(소개/아키텍처/스택/설치법/환경변수/Demo계정/Real·Mock범위) | F115: 본인 — Gemini(검토·콘텐츠보조) | G115: README.md | H115: 배포 전 마지막 방어선 — 여기서 놓치면 발표 중 사고로 직결 | I115: 체크리스트 일부만 하지 말고 전체 시나리오를 빠짐없이 재현 | J115: 각 항목을 실제로 테스트해보고 결과를 기록
A116: 2026-10-08(목) | B116: 6단계 | C116: 코드구현 | D116: 마무리 | E116: GitHub 저장소 최종정리 + 프로덕션 배포 전환(스테이징→정식)+CORS 최종확인 | F116: 본인 — Claude Code(터미널 직접실행 권장) | G116: 전체 저장소 | H116: Feature Freeze 이후에는 로직 변경 없이 텍스트·설정만 수정 | I116: 제출 직전 급하게 뭔가 더 고치려는 유혹을 참는다 | J116: 최종 산출물(배포본/영상/문서)을 처음부터 끝까지 직접 재생·재확인
A117: 2026-10-09(금) | B117: 5.5단계 | C117: 코드구현 | D117: 통합QA·보안 | E117: 1920x1080 데스크톱+Chrome 기준 화면 확인 | F117: 본인 — Claude Code(터미널 직접실행 권장) | G117: frontend/ (브라우저 확인, 파일아님) | H117: 배포 전 마지막 방어선 — 여기서 놓치면 발표 중 사고로 직결 | I117: 체크리스트 일부만 하지 말고 전체 시나리오를 빠짐없이 재현 | J117: 각 항목을 실제로 테스트해보고 결과를 기록
A118: 2026-10-09(금) | B118: 6단계 | C118: 코드구현 | D118: 마무리 | E118: Mock/Real 표현 최종점검 + '숙소운영특화 AI Agent' 표현 일관성 점검 | F118: 본인 — Claude Code(터미널 직접실행 권장) | G118: frontend/src/ (전체 텍스트 검수) | H118: Feature Freeze 이후에는 로직 변경 없이 텍스트·설정만 수정 | I118: 제출 직전 급하게 뭔가 더 고치려는 유혹을 참는다 | J118: 최종 산출물(배포본/영상/문서)을 처음부터 끝까지 직접 재생·재확인
A119: 2026-10-09(금) | B119: 6단계 | C119: 문서확인 | D119: 마무리 | E119: 발표 슬라이드 최종본 확정(AI Agent Loop 다이어그램 포함) | F119: 본인 직접(콘텐츠 확인/검토, 코드작업 아님) | G119: docs/presentation.pptx (외부) | H119: Feature Freeze 이후에는 로직 변경 없이 텍스트·설정만 수정 | I119: 제출 직전 급하게 뭔가 더 고치려는 유혹을 참는다 | J119: 최종 산출물(배포본/영상/문서)을 처음부터 끝까지 직접 재생·재확인
... A131: 2026-10-11(일) | B131: 6.5단계 | C131: 코드구현 | D131: 마무리 | E131: ✅ 발표자료(PPT) PBT 제출(외부마감 10/11) | F131: 본인 — Claude Code(터미널 직접실행 권장) | G131: 제출플랫폼(외부) | H131: 발표 당일 사고 예방이 유일한 목적 | I131: 시연 직전 반드시 실제 환경에서 리허설한다(로컬 테스트만으로 안심 금지) | J131: 처음부터 끝까지 실제로 클릭해보며 끊기는 지점이 없는지 확인
A133: ※ 구분 범례
A134: 문서확인 | B134: 이미 DB명세서 등에 작성된 내용을 재확인·체크만
A135: 신규작성 | B135: 아직 없는 문서를 새로 작성
A136: 설정확인 | B136: 파일이 아닌 클라우드 콘솔 등 외부 설정 확인
A137: 코드구현 | B137: 실제 backend/frontend 코드 작성(9/5 이후만 해당)
A138: 설계/콘텐츠 | B138: 야간 시간대 문서·콘텐츠 초안 작업
A139: 2026-09-16(수) | B139: 3단계 | C139: 코드구현 | D139: 고객 응대 자동화 | E139: N1 AI 패키지 도입(anthropic·sentence-transformers) + services/ai/ 골격 | F139: 본인 — Claude Code(터미널 직접실행 권장) | G139: backend/requirements.txt, backend/app/services/ai/__init__.py | H139: EMBEDDING_DIM=384에 맞는 모델만 쓴다 — paraphrase-multilingual-MiniLM-L12-v2(한국어 하우스룰 + 영/중/일 문의를 같은 공간에) | I139: 유료 임베딩 API를 쓰지 않는다(CLAUDE.md). torch 포함 약 1GB가 늘어 Render 배포 크기에 영향 — 10/1 배포 전 확인 | J139: python -c로 384차원이 나오는지 + anthropic 호출 1건이 200으로 돌아오는지 둘 다 확인
A140: 2026-09-16(수) | B140: 2단계 | C140: 코드구현 | D140: 기반 인프라 | E140: N8 /settings 채널연동 탭 화면(연결 목록·등록·삭제·수동 동기화) | F140: 본인 — Claude Code(터미널 직접실행 권장) | G140: frontend/src/pages/Settings.tsx | H140: 이 화면이 없으면 r49(수동 새로고침)·r50(네이버 카드)·r51(에러 UI) 셋이 붙을 자리가 없다 | I140: iCal URL은 마스킹해서 보여준다(api_contract 3절 ical_url_masked). 전체 URL을 화면에 그대로 찍지 않는다 | J140: 브라우저에서 로딩·에러·빈 상태 세 가지를 눈으로 본다(화면 작업 규칙 완료 조건)
A141: 2026-09-18(금) | B141: 3단계 | C141: 코드구현 | D141: 고객 응대 자동화 | E141: N2 rag_engine.py — pgvector 코사인 검색 + property_id 물리 격리 | F141: 본인 — Claude Code(터미널 직접실행 권장) | G141: backend/app/services/ai/rag_engine.py | H141: WHERE property_id = :pid 를 절대 빼지 않는다(코딩규칙 7). 빼면 교차오답이 실제로 난다 — 9/15에 재현됨 | I141: ChromaDB 클라이언트 문법(collection.query)을 쓰지 않는다. 별도 벡터DB 서버는 도입하지 않는다 | J141: 숙소 A 질문에 숙소 B 청크가 섞이지 않는지 + 격리를 뺐을 때는 섞이는지 둘 다 확인(대조군)
A142: 2026-09-18(금) | B142: 3단계 | C142: 코드구현 | D142: 고객 응대 자동화 | E142: N3 임베딩 생성 + 지식베이스 적재 경로(POST /knowledge-chunks) | F142: 본인 — Claude Code(터미널 직접실행 권장) | G142: backend/app/api/v1/endpoints/rag.py | H142: 등록 시 임베딩을 동기 생성해 즉시 검색 가능한 상태로 돌려준다(api_contract 8절) — 상태 폴링을 만들지 않는다 | I142: 호스트 내부 재량(조기체크인 수용 여부 등)은 등록하지 않는다(코딩규칙 13). 공식 규정만 넣는다 | J142: 등록 직후 그 문장으로 검색해 1위로 나오는지 확인
A143: 2026-09-19(토) | B143: 3단계 | C143: 코드구현 | D143: 고객 응대 자동화 | E143: N4 pii_masking.py — Claude 전송 전 전화·이메일·여권·카드번호 마스킹 | F143: 본인 — Claude Code(터미널 직접실행 권장) | G143: backend/app/utils/pii_masking.py | H143: DB에는 원본을 그대로 저장한다 — 마스킹은 외부(Claude)로 나가는 텍스트에만 적용한다 | I143: 게스트가 본문에 직접 적어 보내는 경우를 잡는 것이 목적이다. DB에 연락처 컬럼이 없다는 것과 별개다 | J143: 전화·이메일·여권·카드번호가 든 문장을 넣어 네 가지가 전부 가려지는지 + guest_name이 프롬프트에 없는지 확인
A144: 2026-09-19(토) | B144: 3단계 | C144: 코드구현 | D144: 고객 응대 자동화 | E144: N5 agent_graph.py — Claude 단일 통합호출(structured outputs) | F144: 본인 — Claude Code(터미널 직접실행 권장) | G144: backend/app/services/ai/agent_graph.py | H144: 분류+위험도+다국어+근거를 1회 호출로 받는다. 절대 여러 LLM 노드로 쪼개지 않는다(비용 통제) | I144: content[0]이 text가 아닐 수 있다(9/15에 ThinkingBlock 간헐 확인). 프리필은 400이라 쓸 수 없다 — structured outputs를 쓴다 | J144: 같은 문의 2건으로 JSON 직파싱이 되는지 + 타임아웃(최초10초/재시도5초)이 실제로 발동하는지 확인
A145: 2026-09-21(월) | B145: 3단계 | C145: 코드구현 | D145: 고객 응대 자동화 | E145: N6 키워드 사전 필터 — LLM 호출 전 저비용 선분류 | F145: 본인 — Claude Code(터미널 직접실행 권장) | G145: backend/app/services/ai/agent_graph.py | H145: 필터가 확신하지 못하면 반드시 LLM으로 넘긴다 — 필터가 최종 판정을 내리지 않는다 | I145: 필터를 과신하면 오분류가 조용히 승인 없이 나간다. 위험도 HIGH 후보는 필터에서 자동응답으로 빼지 않는다 | J145: 필터가 거른 건수와 LLM으로 넘어간 건수를 함께 세어 호출 절감이 실제로 났는지 확인
A146: 2026-09-21(월) | B146: 3단계 | C146: 코드구현 | D146: 고객 응대 자동화 | E146: N7 inquiries.py 라우터 6종(목록·접수·상세·재생성·승인·거절) | F146: 본인 — Claude Code(터미널 직접실행 권장) | G146: backend/app/api/v1/endpoints/inquiries.py | H146: is_latest는 UPDATE(false) 먼저, INSERT(true) 나중. 순서가 바뀌면 부분 UNIQUE 인덱스 위반이다 | I146: regenerate는 SELECT ... FOR UPDATE로 행잠금. 없으면 재시도 상한이 실제로 3회를 넘긴다 | J146: 재시도 2회를 소진한 뒤 3번째가 429 MAX_RETRY_EXCEEDED로 막히는지 실제로 돌려서 확인
A147: 2026-09-21(월) | B147: 3단계 | C147: 코드구현 | D147: 고객 응대 자동화 | E147: N14 개발용 최소 시드(숙소2·예약2·문의3) — API 경로로 생성 | F147: 본인 — Claude Code(터미널 직접실행 권장) | G147: tools/seed_dev.py | H147: 가능한 한 서비스·API를 거쳐 만든다 — db.add() 직접 삽입은 인터셉터를 건너뛰어 검증되지 않은 데이터가 된다 | I147: 배포 DB를 향해 실행하지 않는다. tools/seed_demo.py와 같은 --drop 규약을 따른다 | J147: 실행 후 /dashboard와 /inquiries가 빈 화면이 아닌지 브라우저로 확인
A148: 2026-09-22(화) | B148: 2단계 | C148: 코드구현 | D148: 기반 인프라 | E148: N9 /onboarding 화면(STEP1 숙소·객실·침대 / STEP2 채널 연결) | F148: 본인 — Claude Code(터미널 직접실행 권장) | G148: frontend/src/pages/Onboarding.tsx | H148: 두 번째 숙소 추가 경로이기도 하다 — 가입 직후 1회용이 아니다(ui_design 5-3절). 멀티호스트 차별화의 입구다 | I148: STEP2는 나중에 하기를 허용한다(ui_design 4-3절). 채널 없이도 다음으로 넘어가야 한다 | J148: 가입 → 숙소 등록 → 대시보드 진입까지 끊김 없이 되는지 브라우저에서 확인(r55 확인방법과 같은 경로)
A149: 2026-09-22(화) | B149: 3단계 | C149: 코드구현 | D149: 고객 응대 자동화 | E149: N15 AI 승인 대기 카드 1종(대시보드 위젯) | F149: 본인 — Claude Code(터미널 직접실행 권장) | G149: frontend/src/pages/Dashboard.tsx | H149: 승인 대기 건수와 바로가기만 둔다. 액션센터 전체 규칙(🔴🟡🟢)은 10/3 r98·r102에서 한다 | I149: AI가 위험을 판단하는 것처럼 보이는 문구를 쓰지 않는다 — 규칙기반 운영 우선순위다(risk_level 명칭 주의) | J149: 승인 대기 문의를 만든 뒤 대시보드에 숫자가 오르고 클릭하면 /inquiries로 가는지 확인
A150: 2026-09-23(수) | B150: 2단계 | C150: 코드구현 | D150: 기반 인프라 | E150: N10 예약 생성·상세 모달(캘린더 내) | F150: 본인 — Claude Code(터미널 직접실행 권장) | G150: frontend/src/pages/Calendar.tsx (예약 생성·상세 모달) | H150: 별도 라우트를 만들지 않는다 — 빈 칸 클릭은 생성 모달, 예약 블록 클릭은 상세 모달이다(ui_design 4-5절) | I150: 폼은 bookable_unit_type으로 분기한다. 에러 4종(400 3종 + 409)을 폼 안에 인라인으로 띄운다 | J150: 독채/객실/침대 세 숙소에서 각각 생성해 보고, 겹치는 날짜로 넣었을 때 409가 폼에 뜨는지 확인
... A156: 2026-10-04(일) | B156: 5.5단계 | C156: 코드구현 | D156: 통합QA·보안 | E156: 통합 버퍼 — 미완 흡수 / 핵심 시나리오 점검 | F156: 본인 — Claude Code(터미널 직접실행 권장) | G156: (파일 아님) — 그 시점에 밀린 항목 | H156: 새 기능을 시작하지 않는다. 앞에서 밀린 것을 끝내는 날이다 | I156: 버퍼가 비면 쉬어도 된다 — 억지로 채우면 버퍼가 사라진다 | J156: 10/5 검증일에 들어가기 전에 미완이 0인지 확인

Sheet 일일 크로스체크
A1: 3rd Host AI — 일일 크로스체크 카드 (매일 아침 확인용)
A2: 사용법: 매일 아침 해당 날짜 카드를 열어 순서대로 진행 → 완료마다 '완료' 열에 체크 → 하단 '아침 크로스체크'에 확인 기록
A4: 📅 2026-08-31(월) · 1일차 · 작업 3건
A5: 🎯 오늘의 타이틀: Host-Property-Room-Bed 계층 스키마 확정(모두 optional)
A6: 순서 | B6: 세부 작업 | C6: 활용도구 | D6: 파일 위치 | E6: 핵심포인트 / 주의할 점 | F6: 확인방법 | G6: 완료
A7: 1 | B7: Host-Property-Room-Bed 계층 스키마 확정(모두 optional) | C7: Gemini(검토보조) | D7: docs/3rd_host_ai_db_spec_v1.md (2.1~2.4절) | E7: ▶ 독채(3룸통대여)와 호스텔(개별실판매)을 하나의 구조로 동시 표현하는 것이 핵심 차별화 ⚠ Room/Bed를 모두 optional로 둬야 함 — 강제로 NOT NULL 만들면 독채 예약 자체를 표현 못함 | F7: 3룸숙소=Property단위, 호스텔=Room단위 두 시나리오 모두 예약 생성이 가능한지 확인 | G7: ☑
A8: 2 | B8: STEP0: DB명세서v1(3rd_host_ai_db_spec_v1.md)을 스키마 최종권위 문서로 확정 + 구버전 ERD(guests/payments 등 포함 폐기 초안) 폐기처리 | C8: Claude(대화보조) | D8: docs/3rd_host_ai_db_spec_v1.md (전체) | E8: ▶ DB명세서에 이미 결정된 내용을 그대로 반영하는 단계 — 새로 고민하지 않는다 ⚠ 임의로 필드나 값을 추가하지 않는다(범위확장 방지 원칙) | F8: DB명세서 해당 섹션과 실제 반영내용을 나란히 놓고 비교 | G8: ☑
A9: 3 | B9: Property.accommodation_type 단일 ENUM 필드 확정 | C9: Gemini(검토보조) | D9: docs/3rd_host_ai_db_spec_v1.md (1. ENUM 타입 정의) | E9: ▶ 단일 ENUM(한 공간에 복수 숙박업 유형 등록은 법적으로 불가능하다고 확인됨) ⚠ 6개 값 정확히(URBAN_HOMESTAY,RURAL_HOMESTAY,HANOK,HOSTEL,LODGING_FACILITY,GENERAL_LODGING) — PENSION/OTHER/HANOK_STAY 같은 임의값 절대 금지 | F9: DB명세서 1절 ENUM 정의와 실제 반영값을 한 글자씩 diff 비교 | G9: ☑
A10: 🎬 오늘의 시나리오 | C10: [상황] 여러 문서(DB명세서/ERD/체크리스트)가 각각 따로 만들어지면 어느 게 진짜 기준인지 헷갈리기 쉬움 [동작] ① DB명세서v1을 스키마의 유일한 최종권위 문서(SSOT)로 확정 ② 기존에 떠돌던 구버전 ERD 초안은 전부 폐기 처리 ③ 이후 모든 문서가 이 명세서를 기준으로 동기화되도록 원칙 확립 [원칙 없었다면] 여러 버전의 스키마 문서가 동시에 존재하면, 오늘 하루 종일 겪은 것처럼 문서끼리 서로 다른 말을 하는 크로스체크 지옥이 반복됨
A11: 🌅 아침 크로스체크 | C11: ☑ 전날 순서대로 실행됨 ☑ 위 작업 전부 완료 ☑ git commit 완료 ☑ 전날 백업 실행(backup_push.ps1/.bat 더블클릭 → git push+Desktop 미러백업) | G11: 메모:
A13: 📅 2026-09-01(화) · 2일차 · 작업 9건
A14: 🎯 오늘의 타이틀: Reservation.bookable_unit_type(PROPERTY/ROOM/BED) 설계
A15: 순서 | B15: 세부 작업 | C15: 활용도구 | D15: 파일 위치 | E15: 핵심포인트 / 주의할 점 | F15: 확인방법 | G15: 완료
A16: 1 | B16: Reservation.bookable_unit_type(PROPERTY/ROOM/BED) 설계 | C16: Gemini(검토보조) | D16: docs/3rd_host_ai_db_spec_v1.md (2.2 PROPERTIES / 2.6 RESERVATIONS) | E16: ▶ PROPERTY/ROOM/BED 3종 판매단위를 하나의 Reservation 테이블로 표현 ⚠ 이 값과 room_id/bed_id 실사용 일치여부는 DB CHECK로 못 잡음(다른 테이블이라 PostgreSQL 일반 CHECK 불가) — 반드시 애플리케이션 검증 필요 | F16: bookable_unit_type=PROPERTY인데 room_id가 채워진 예약을 일부러 넣어보고 애플리케이션이 막는지 테스트 | G16: ☑
A17: 2 | B17: PROPERTY 단위 예약시 하위 Room 전체 블록 인터셉터 로직 정의(본인 3룸숙소 실제케이스) | C17: Gemini(검토보조) | D17: docs/3rd_host_ai_db_spec_v1.md (2.6.1 예약 겹침 방지) | E17: ▶ 본인 3룸숙소의 실제 운영형태(통대여)를 반영하는 핵심 로직 ⚠ EXCLUDE 제약만으로는 PROPERTY예약↔ROOM/BED예약 교차충돌을 못 막음 — 반드시 트랜잭션 검증 코드로 방어 | F17: 3룸 전체예약 확정 후 그 중 방 1개만 별도 예약 시도 → 반드시 차단되는지 확인 | G17: ☑
A18: 3 | B18: reservation_status / refund_status 분리 설계 | C18: Gemini(검토보조) | D18: docs/3rd_host_ai_db_spec_v1.md (2.6 RESERVATIONS 컬럼) | E18: ▶ '투숙완료(COMPLETED)'와 '부분환불(PARTIAL)'을 동시에 표현할 수 있어야 함 ⚠ 하나의 status 컬럼으로 합치면 이 조합 자체를 표현할 수 없음 | F18: COMPLETED+PARTIAL 조합을 실제로 저장해보고 정상 저장되는지 확인 | G18: ☑
A19: 4 | B19: Reservation CHECK 제약(bookable_unit_type↔room_id/bed_id 조합) 확정 | C19: Claude(대화보조) | D19: docs/3rd_host_ai_db_spec_v1.md (2.2 PROPERTIES / 2.6 RESERVATIONS) | E19: ▶ room_id/bed_id 조합의 '내부 형태'만 DB가 검증 가능 ⚠ PostgreSQL CHECK는 다른 테이블(PROPERTIES) 값을 볼 수 없음 — bookable_unit_type과의 교차일치는 앱 책임임을 반드시 인지 | F19: 유효하지 않은 조합(bed_id만 있고 room_id는 NULL 등) INSERT 시도 → DB가 거부하는지 | G19: ☑
A20: 5 | B20: ROOMS/BEDS 계층 복합FK+UNIQUE + Reservation↔Channel/Room/Bed 동일Property 보장(통합확정) | C20: Claude(대화보조) | D20: docs/3rd_host_ai_db_spec_v1.md (2.3 ROOMS / 2.4 BEDS / 2.6 RESERVATIONS (A)) | E20: ▶ 다른 숙소 소속 Room을 잘못 참조하는 데이터오염을 DB가 원천 차단 ⚠ UNIQUE(room_id,property_id)는 중복방지용이 아니라 복합FK 참조용 후보키 — room_name/bed_label UNIQUE가 실제 중복방지 역할 | F20: Property A 소속 room_id를 Property B의 예약에 넣어보고 FK 위반으로 거부되는지 확인 | G20: ☑
A21: 6 | B21: UNIQUE 복합제약 3종 확정(channel_connection_id+external_uid / property_id+target_month / property_id+channel) | C21: Gemini(검토보조) | D21: docs/3rd_host_ai_db_spec_v1.md (2.5 / 2.6 / 2.8절) | E21: ▶ 플랫폼별 예약UID/월별정산/채널연결 각각 중복 방지 ⚠ 채널당 연결 1개 제한은 이번 MVP 한정 — 향후 여러 리스팅 대응은 2차 과제 | F21: 같은 property+channel 조합을 2번 생성 시도했을 때 에러가 나는지 확인 | G21: ☑
A22: 7 | B22: INQUIRY_RESPONSES 1:N + is_latest 플래그 설계 확정 | C22: Gemini(검토보조) | D22: docs/3rd_host_ai_db_spec_v1.md (2.12 INQUIRY_RESPONSES) | E22: ▶ 재시도/재답변 이력을 보존하는 1:N + is_latest 구조 ⚠ 새 응답을 만들 때 기존 is_latest를 먼저 false로 바꾸는 걸 빠뜨리면 부분UNIQUE 인덱스 위반 에러 발생 | F22: 같은 문의에 응답 2번 생성 후 is_latest=true인 행이 정확히 1개인지 쿼리로 확인 | G22: ☑
A23: 8 | B23: FINANCIAL_CONFIGS→MONTHLY_SETTLEMENTS 관계 제거(스냅샷 분리) 확정 | C23: Gemini(검토보조) | D23: docs/3rd_host_ai_db_spec_v1.md (2.7 FINANCIAL_CONFIGS / 2.8 MONTHLY_SETTLEMENTS) | E23: ▶ 정산은 스냅샷 — 수수료율이 나중에 바뀌어도 과거 정산결과는 불변이어야 함 ⚠ FINANCIAL_CONFIGS와 직접 FK로 연결하면 안 됨. applied_commission_rate 컬럼에 계산 당시 값을 별도로 저장 | F23: 수수료율을 0.155→0.16으로 바꾼 뒤, 과거 정산행의 applied_commission_rate가 여전히 0.155인지 확인 | G23: ☑
A24: 9 | B24: 제출용 기획서 초안 작성(주제/선정이유/일정표/기술스택 — 기존 대화내용 취합) | C24: Gemini(검토보조) | D24: docs/project_plan_draft.md (신규생성) | E24: ▶ DB명세서에 이미 결정된 내용을 그대로 반영하는 단계 — 새로 고민하지 않는다 ⚠ 임의로 필드나 값을 추가하지 않는다(범위확장 방지 원칙) | F24: DB명세서 해당 섹션과 실제 반영내용을 나란히 놓고 비교 | G24: ☑
A25: 🎬 오늘의 시나리오 | C25: [상황] 같은 시스템에서 강남(통예약)과 홍대(방단위예약)를 동시 처리해야 함 [동작] ① bookable_unit_type을 PROPERTY/ROOM/BED 3종으로 확정 ② 예약 생성시 이 값에 따라 room_id/bed_id 필수여부가 자동 결정 [원칙 없었다면] 판매단위 구분이 없으면 강남 통예약 중 방 하나만 따로 예약받는 사고를 시스템이 못 막음
A26: 🌅 아침 크로스체크 | C26: ☑ 전날 순서대로 실행됨 ☑ 위 작업 전부 완료 ☑ git commit 완료 ☑ 전날 백업 실행(backup_push.ps1/.bat 더블클릭 → git push+Desktop 미러백업) | G26: 메모:
A28: 📅 2026-09-02(수) · 3일차 · 작업 12건
A29: 🎯 오늘의 타이틀: financial_status(ESTIMATED/CONFIRMED/MANUALLY_ADJUSTED) 필드 설계
A30: 순서 | B30: 세부 작업 | C30: 활용도구 | D30: 파일 위치 | E30: 핵심포인트 / 주의할 점 | F30: 확인방법 | G30: 완료
A31: 1 | B31: financial_status(ESTIMATED/CONFIRMED/MANUALLY_ADJUSTED) 필드 설계 | C31: Gemini(검토보조) | D31: docs/3rd_host_ai_db_spec_v1.md (2.6 RESERVATIONS 컬럼) | E31: ▶ DB명세서에 이미 결정된 내용을 그대로 반영하는 단계 — 새로 고민하지 않는다 ⚠ 임의로 필드나 값을 추가하지 않는다(범위확장 방지 원칙) | F31: DB명세서 해당 섹션과 실제 반영내용을 나란히 놓고 비교 | G31: ☑
A32: 2 | B32: 날짜 5종 분리 확정(booked_at/check_in/check_out/expected_settlement_at/actual_settlement_at) | C32: Gemini(검토보조) | D32: docs/3rd_host_ai_db_spec_v1.md (2.6 RESERVATIONS 컬럼) | E32: ▶ DB명세서에 이미 결정된 내용을 그대로 반영하는 단계 — 새로 고민하지 않는다 ⚠ 임의로 필드나 값을 추가하지 않는다(범위확장 방지 원칙) | F32: DB명세서 해당 섹션과 실제 반영내용을 나란히 놓고 비교 | G32: ☑
A33: 3 | B33: ChannelConnection 모델 설계(channel/external_property_id/sync_status/last_synced_at) | C33: Gemini(검토보조) | D33: docs/3rd_host_ai_db_spec_v1.md (2.6 RESERVATIONS 컬럼) | E33: ▶ DB명세서에 이미 결정된 내용을 그대로 반영하는 단계 — 새로 고민하지 않는다 ⚠ 임의로 필드나 값을 추가하지 않는다(범위확장 방지 원칙) | F33: DB명세서 해당 섹션과 실제 반영내용을 나란히 놓고 비교 | G33: ☑
A34: 4 | B34: ChecklistTemplate.renewal_trigger_type(NONE/EXPIRATION_BASED/EVENT_BASED) 필드 추가 | C34: Gemini(검토보조) | D34: docs/3rd_host_ai_db_spec_v1.md (2.16 CHECKLIST_ITEMS) | E34: ▶ DB명세서에 이미 결정된 내용을 그대로 반영하는 단계 — 새로 고민하지 않는다 ⚠ 임의로 필드나 값을 추가하지 않는다(범위확장 방지 원칙) | F34: DB명세서 해당 섹션과 실제 반영내용을 나란히 놓고 비교 | G34: ☑
A35: 5 | B35: Property 단위 데이터 격리 원칙 확정(KB/Reservation/Checklist/SmartLock 전체) | C35: Claude(대화보조) | D35: docs/3rd_host_ai_db_spec_v1.md (4.0절 DB보장/앱보장 구분) | E35: ▶ DB명세서에 이미 결정된 내용을 그대로 반영하는 단계 — 새로 고민하지 않는다 ⚠ 임의로 필드나 값을 추가하지 않는다(범위확장 방지 원칙) | F35: DB명세서 해당 섹션과 실제 반영내용을 나란히 놓고 비교 | G35: ☑
A36: 6 | B36: ACTION_ITEMS 중복생성 idempotency 정책 문서화(동일 reservation_id+category+OPEN 재사용) | C36: Gemini(검토보조) | D36: docs/3rd_host_ai_db_spec_v1.md (해당 섹션) | E36: ▶ DB명세서에 이미 결정된 내용을 그대로 반영하는 단계 — 새로 고민하지 않는다 ⚠ 임의로 필드나 값을 추가하지 않는다(범위확장 방지 원칙) | F36: DB명세서 해당 섹션과 실제 반영내용을 나란히 놓고 비교 | G36: ☑
A37: 7 | B37: risk_level '규칙기반 우선순위'로 문서화(법적판단 아님 명시) | C37: Gemini(검토보조) | D37: docs/3rd_host_ai_db_spec_v1.md (해당 섹션) | E37: ▶ DB명세서에 이미 결정된 내용을 그대로 반영하는 단계 — 새로 고민하지 않는다 ⚠ 임의로 필드나 값을 추가하지 않는다(범위확장 방지 원칙) | F37: DB명세서 해당 섹션과 실제 반영내용을 나란히 놓고 비교 | G37: ☑
A38: 8 | B38: 인덱스 요구사항 목록화(property_id 계열 전체+ActionCenter 복합인덱스, 실제생성은 9/5) | C38: Gemini(검토보조) | D38: docs/3rd_host_ai_db_spec_v1.md (해당 섹션) | E38: ▶ DB명세서에 이미 결정된 내용을 그대로 반영하는 단계 — 새로 고민하지 않는다 ⚠ 임의로 필드나 값을 추가하지 않는다(범위확장 방지 원칙) | F38: DB명세서 해당 섹션과 실제 반영내용을 나란히 놓고 비교 | G38: ☑
A39: 9 | B39: DB명세서↔ERD↔체크리스트 3문서 최종 동기화 확인 | C39: Claude(대화보조) | D39: docs/erd.md 또는 mermaid 다이어그램(신규) | E39: ▶ DB명세서에 이미 결정된 내용을 그대로 반영하는 단계 — 새로 고민하지 않는다 ⚠ 임의로 필드나 값을 추가하지 않는다(범위확장 방지 원칙) | F39: DB명세서 해당 섹션과 실제 반영내용을 나란히 놓고 비교 | G39: ☑
A40: 10 | B40: 기획서 최종 검토 및 다듬기 | C40: Claude(대화보조) | D40: docs/project_plan_draft.md (신규생성) | E40: ▶ DB명세서에 이미 결정된 내용을 그대로 반영하는 단계 — 새로 고민하지 않는다 ⚠ 임의로 필드나 값을 추가하지 않는다(범위확장 방지 원칙) | F40: DB명세서 해당 섹션과 실제 반영내용을 나란히 놓고 비교 | G40: ☑
A41: 11 | B41: Azure Cloud 서비스 확인 완료 → Render로 최종 확정(Azure 전환 안함) | C41: Claude(대화보조) | D41: 클라우드 콘솔(파일 아님) — Azure Portal / Google AI Studio | E41: ▶ DB명세서에 이미 결정된 내용을 그대로 반영하는 단계 — 새로 고민하지 않는다 ⚠ 임의로 필드나 값을 추가하지 않는다(범위확장 방지 원칙) | F41: DB명세서 해당 섹션과 실제 반영내용을 나란히 놓고 비교 | G41: ☑
A42: 12 | B42: Google AI Studio 무료 Gemini API키 미리 발급(백업용, 5분 소요, 스택변경 아님) | C42: Claude(대화보조) | D42: 클라우드 콘솔(파일 아님) — Azure Portal / Google AI Studio | E42: ▶ DB명세서에 이미 결정된 내용을 그대로 반영하는 단계 — 새로 고민하지 않는다 ⚠ 임의로 필드나 값을 추가하지 않는다(범위확장 방지 원칙) | F42: DB명세서 해당 섹션과 실제 반영내용을 나란히 놓고 비교 | G42: ☑
A43: 🎬 오늘의 시나리오 | C43: [상황] 정산 화면에 표시되는 금액이 확정된 건지 추정치인지 게스트/호스트 둘 다 헷갈리기 쉬움 [동작] ① financial_status를 ESTIMATED/CONFIRMED/MANUALLY_ADJUSTED 3종으로 분리 ② 화면에 상태별 뱃지로 명확히 구분 표시 [원칙 없었다면] 상태 구분 없이 숫자만 보여주면, 아직 확정 안 된 예상금액을 실수령액으로 착각하는 사고 발생
A44: 🌅 아침 크로스체크 | C44: ☑ 전날 순서대로 실행됨 ☑ 위 작업 전부 완료 ☑ git commit 완료 ☑ 전날 백업 실행(backup_push.ps1/.bat 더블클릭 → git push+Desktop 미러백업) | G44: 메모:
A46: 📅 2026-09-03(목) · 4일차 · 작업 4건
A47: 🎯 오늘의 타이틀: ✅ 기획서 제출(오전 11시 마감 — 주제/선정이유/일정표/기술스택 포함)
A48: 순서 | B48: 세부 작업 | C48: 활용도구 | D48: 파일 위치 | E48: 핵심포인트 / 주의할 점 | F48: 확인방법 | G48: 완료
A49: 1 | B49: ✅ 기획서 제출(오전 11시 마감 — 주제/선정이유/일정표/기술스택 포함) | C49: Claude(대화보조) | D49: docs/project_plan_draft.md (신규생성) | E49: ▶ DB명세서에 이미 결정된 내용을 그대로 반영하는 단계 — 새로 고민하지 않는다 ⚠ 임의로 필드나 값을 추가하지 않는다(범위확장 방지 원칙) | F49: DB명세서 해당 섹션과 실제 반영내용을 나란히 놓고 비교 | G49: ☑
A50: 2 | B50: ERD 다이어그램 작성(전체 엔티티 관계도) | C50: Gemini(검토보조) | D50: docs/erd.md 또는 mermaid 다이어그램(신규) | E50: ▶ DB명세서에 이미 결정된 내용을 그대로 반영하는 단계 — 새로 고민하지 않는다 ⚠ 임의로 필드나 값을 추가하지 않는다(범위확장 방지 원칙) | F50: DB명세서 해당 섹션과 실제 반영내용을 나란히 놓고 비교 | G50: ☑
A51: 3 | B51: API Contract(엔드포인트 목록·요청/응답 스펙) 정의 | C51: Gemini(검토보조) | D51: docs/api_contract.md (신규생성) | E51: ▶ DB명세서에 이미 결정된 내용을 그대로 반영하는 단계 — 새로 고민하지 않는다 ⚠ 임의로 필드나 값을 추가하지 않는다(범위확장 방지 원칙) | F51: DB명세서 해당 섹션과 실제 반영내용을 나란히 놓고 비교 | G51: ☑
A52: 4 | B52: 상태전이/이벤트 구조 다이어그램 정리(예약→청소→정산→알림 연결) | C52: Gemini(검토보조) | D52: docs/3rd_host_ai_db_spec_v1.md (상태전이 섹션 추가) | E52: ▶ 자동추정→일괄확인→예외보정 3단계로 수작업을 최소화(엑셀 수기정산과 다르게 만드는 것이 목표) ⚠ iCal에는 결제정보가 없어 모든 금액이 추정치 — financial_status(ESTIMATED/CONFIRMED/MANUALLY_ADJUSTED)로 신뢰도를 반드시 구분표시 | F52: 전체 예약 중 예외건(할인적용 등)만 수동수정하고 나머지는 1클릭으로 끝나는지 확인 | G52: ☑
A53: 🎬 오늘의 시나리오 | C53: [상황] 부트캠프 3차 파이널 프로젝트 기획서 제출 마감(오전 11시) [동작] ① 지금까지 확정한 주제·선정이유·일정표·기술스택을 정해진 양식으로 정리 ② 제출 전 최종 오탈자·형식 확인 ③ 마감 전 제출완료 [원칙 없었다면] 지금까지의 설계·크로스체크 노력이 제출 형식 미비로 감점되는 건 가장 아까운 실수
A54: 🌅 아침 크로스체크 | C54: ☑ 전날 순서대로 실행됨 ☑ 위 작업 전부 완료 ☑ git commit 완료 ☑ 전날 백업 실행(backup_push.ps1/.bat 더블클릭 → git push+Desktop 미러백업) | G54: 메모:
A56: 📅 2026-09-04(금) · 5일차 · 작업 1건
A57: 🎯 오늘의 타이틀: ✅ 1단계 검증: 스키마+ERD+API Contract 대조 확인
A58: 순서 | B58: 세부 작업 | C58: 활용도구 | D58: 파일 위치 | E58: 핵심포인트 / 주의할 점 | F58: 확인방법 | G58: 완료
A59: 1 | B59: ✅ 1단계 검증: 스키마+ERD+API Contract 대조 확인 | C59: Claude(대화보조) | D59: docs/erd.md 또는 mermaid 다이어그램(신규) | E59: ▶ DB명세서에 이미 결정된 내용을 그대로 반영하는 단계 — 새로 고민하지 않는다 ⚠ 임의로 필드나 값을 추가하지 않는다(범위확장 방지 원칙) | F59: DB명세서 해당 섹션과 실제 반영내용을 나란히 놓고 비교 | G59: ☑
A60: 🎬 오늘의 시나리오 | C60: [상황] 1단계(데이터모델 설계)를 마무리하고 2단계로 넘어가기 전 마지막 관문 [동작] ① DB명세서·ERD·API Contract 3개 문서를 서로 대조 ② 불일치 발견시 즉시 정정 ③ 전부 일치해야 Freeze 선언 [원칙 없었다면] 검증 없이 넘어가면 2단계 구현 중간에 스키마 오류를 뒤늦게 발견해 대대적 재작업 필요
A61: 🌅 아침 크로스체크 | C61: ☑ 전날 순서대로 실행됨 ☑ 위 작업 전부 완료 ☑ git commit 완료 ☑ 전날 백업 실행(backup_push.ps1/.bat 더블클릭 → git push+Desktop 미러백업) ☑ 검증 체크 완료 ☑ 🔍 오늘은 검증일! DoD 결과 '9단계 검증 체크리스트' 시트에 기록 | G61: 메모:
A63: 📅 2026-09-05(토) · 6일차 · 작업 5건
A64: 🎯 오늘의 타이틀: 로컬 개발 DB를 Docker Postgres로 전환 결정 및 세팅(MariaDB 대신, 문법불일치 리스크 원천차단)
A65: 순서 | B65: 세부 작업 | C65: 활용도구 | D65: 파일 위치 | E65: 핵심포인트 / 주의할 점 | F65: 확인방법 | G65: 완료
A66: 1 | B66: 로컬 개발 DB를 Docker Postgres로 전환 결정 및 세팅(MariaDB 대신, 문법불일치 리스크 원천차단) | C66: Claude Code(직접실행) | D66: backend/docker-compose.yml, backend/.env | E66: ▶ MariaDB 대신 로컬 개발부터 Postgres로 통일해 배포환경 이원화 리스크 원천 차단 ⚠ Supabase의 기본 Postgres 버전과 로컬 Docker 이미지 버전을 반드시 맞출 것(dev/prod parity) | F66: docker exec로 확인한 로컬 postgres 버전과 Supabase 대시보드에 표시된 버전이 같은지 비교 | G66: ☑
A67: 2 | B67: DB 스키마 구현(위 P0 설계 반영) | C67: Claude Code(직접실행) | D67: backend/app/models/ (전체) | E67: ▶ 로컬 Docker와 배포(Supabase) PostgreSQL 메이저 버전을 반드시 맞출 것(9/5에 16≠17로 어긋난 걸 뒤늦게 발견한 전례 있음) ⚠ autogenerate가 pgvector import·CREATE EXTENSION·PG15+ 전용 SET NULL(컬럼목록) 문법을 자동으로 못 잡아냄 — 생성된 마이그레이션 파일을 반드시 직접 열어서 확인 후 upgrade | F67: docker exec로 psql 접속 → \dt(16개 테이블)·\dx(vector+btree_gist 확장) 확인, pg_constraint.confdelsetcols가 실제 컬럼명과 일치하는지까지 attname으로 재확인 | G67: ☑
A68: 3 | B68: GET /health 헬스체크 엔드포인트 구현(DB조회없이 즉시 응답, Render 슬립방지용 UptimeRobot 핑 대상) | C68: Claude Code(직접실행) | D68: backend/ 또는 frontend/ (세부 위치는 해당일 착수시 확정) | E68: ▶ Render 무료플랜 슬립방지가 유일한 목적 — 이 라우터에 DB조회(get_db 의존성)를 절대 추가하지 않는다 ⚠ uvicorn만 띄워놓고 '됐다'고 넘기지 말 것 — 실제로 서버가 정상 기동해서 요청에 응답하는지까지 확인해야 진짜 완료 | F68: 브라우저 또는 curl로 http://localhost:8000/health 직접 열어서 {"status":"ok"}가 실제로 응답오는지 눈으로 확인 | G68: ☑
A69: 4 | B69: .env/.gitignore 초기 설정(API키·DB접속정보 분리, git 커밋 전 필수) | C69: Claude(대화보조) | D69: 클라우드 콘솔(파일 아님) — Azure Portal / Google AI Studio | E69: ▶ API키/DB접속정보를 코드와 분리해 커밋 사고 원천 차단 ⚠ 이미 한 번 커밋된 적 있는 .env는 .gitignore에 넣어도 계속 추적됨(별도 제거 필요) | F69: `git log --all --full-history -- .env` 실행해서 커밋 이력이 비어있는지 확인 | G69: ☑
A70: 5 | B70: 녹화·편집 환경 설정(OBS 설정+편집툴 확정) | C70: Gemini(검토보조) | D70: 외부(OBS/Clipchamp), docs/video_recording_setup.md | E70: ▶ Feature Freeze 이후에는 로직 변경 없이 텍스트·설정만 수정 ⚠ 제출 직전 급하게 뭔가 더 고치려는 유혹을 참는다 | F70: 최종 산출물(배포본/영상/문서)을 처음부터 끝까지 직접 재생·재확인 | G70: ☑
A71: 🎬 오늘의 시나리오 | C71: [상황] 로컬 개발 환경을 실제 배포 환경(Supabase PostgreSQL)과 최대한 동일하게 맞춰야 함 [동작] ① MariaDB 대신 Docker로 PostgreSQL 15 실행 ② pgvector 확장까지 포함된 이미지로 세팅 ③ 로컬=배포 문법 통일 확인 [원칙 없었다면] 로컬은 MariaDB, 배포는 PostgreSQL로 다르면 나중에 문법 차이로 인한 오류를 배포 직전에야 발견하게 됨
A72: 🌅 아침 크로스체크 | C72: ☑ 전날 순서대로 실행됨 ☑ 위 작업 전부 완료 ☑ git commit 완료 ☑ 전날 백업 실행(backup_push.ps1/.bat 더블클릭 → git push+Desktop 미러백업) | G72: 메모:
A74: 📅 2026-09-07(월) · 7일차 · 작업 3건
A75: 🎯 오늘의 타이틀: 전체 화면목록 확정(로그인·회원가입·온보딩2스텝·대시보드·캘린더·AI인박스·액션센터·청소·정산·컴플라이언스(설정탭)·지식베이스·설정)
A76: 순서 | B76: 세부 작업 | C76: 활용도구 | D76: 파일 위치 | E76: 핵심포인트 / 주의할 점 | F76: 확인방법 | G76: 완료
A77: 1 | B77: 전체 화면목록 확정(로그인·회원가입·온보딩2스텝·대시보드·캘린더·AI인박스·액션센터·청소·정산·컴플라이언스(설정탭)·지식베이스·설정) | C77: Gemini(검토보조) | D77: docs/ui_design.md, docs/ui_wireframe.md | E77: ▶ 빠진 화면이 없는지가 핵심 — 로그인/빈상태 화면을 특히 놓치기 쉬움 ⚠ 와이어프레임을 너무 디테일하게 만들지 않는다(시간 낭비, 저해상도로 충분) | F77: 실제 사용 흐름 그대로 클릭 시뮬레이션 해보며 막히는 지점이 있는지 확인 | G77: ☑
A78: 2 | B78: 핵심 화면 와이어프레임 제작(대시보드·예약모달·AI인박스·정산·온보딩) | C78: Gemini(검토보조) | D78: docs/ui_design.md, docs/ui_wireframe.md | E78: ▶ 빠진 화면이 없는지가 핵심 — 로그인/빈상태 화면을 특히 놓치기 쉬움 ⚠ 와이어프레임을 너무 디테일하게 만들지 않는다(시간 낭비, 저해상도로 충분) | F78: 실제 사용 흐름 그대로 클릭 시뮬레이션 해보며 막히는 지점이 있는지 확인 | G78: ☑
A79: 3 | B79: 디자인시스템 공통 컴포넌트 정의(Header/Sidebar/Card/Badge/Modal/Toast/Loading/EmptyState) | C79: Gemini(검토보조) | D79: docs/ui_design.md, docs/ui_wireframe.md | E79: ▶ 빠진 화면이 없는지가 핵심 — 로그인/빈상태 화면을 특히 놓치기 쉬움 ⚠ 와이어프레임을 너무 디테일하게 만들지 않는다(시간 낭비, 저해상도로 충분) | F79: 실제 사용 흐름 그대로 클릭 시뮬레이션 해보며 막히는 지점이 있는지 확인 | G79: ☑
A80: 🎬 오늘의 시나리오 | C80: [상황] 코드를 짜기 전에 전체 화면 목록이 먼저 확정되어야 프론트엔드 개발이 헤매지 않음 [동작] ① 로그인부터 설정까지 전체 화면 목록 확정 ② User Flow 다이어그램으로 화면간 이동 흐름 정리 [원칙 없었다면] 설계 없이 바로 코딩하면 화면이 중구난방으로 만들어져 나중에 대대적 재작업 필요
A81: 🌅 아침 크로스체크 | C81: ☐ 전날 순서대로 실행됨 ☐ 위 작업 전부 완료 ☐ git commit 완료 ☐ 전날 백업 실행(backup_push.ps1/.bat 더블클릭 → git push+Desktop 미러백업) | G81: 메모:
A83: 📅 2026-09-08(화) · 8일차 · 작업 1건
A84: 🎯 오늘의 타이틀: 통합 대시보드 뼈대(3~5개 숙소 한눈에 보기)
A85: 순서 | B85: 세부 작업 | C85: 활용도구 | D85: 파일 위치 | E85: 핵심포인트 / 주의할 점 | F85: 확인방법 | G85: 완료
A86: 1 | B86: 통합 대시보드 뼈대(3~5개 숙소 한눈에 보기) | C86: Claude Code(직접실행) | D86: frontend/src/pages/Dashboard.tsx | E86: ▶ 로컬과 배포 환경을 최대한 동일하게 유지(dev/prod parity) ⚠ .env 파일이 실수로 커밋되지 않았는지 매번 확인 | F86: 로컬에서 정상 동작 확인 후에만 커밋 | G86: ☑
A87: 🎬 오늘의 시나리오 | C87: [상황] 3~5개 숙소를 운영하는 호스트가 한눈에 전체 현황을 보고 싶어함 [동작] ① 숙소 카드형 대시보드 뼈대 구현 ② 각 카드에 오늘의 체크인/아웃, 청소상태 요약 표시 [원칙 없었다면] 숙소별로 화면을 따로 열어봐야 한다면 멀티호스트 핵심가치(한눈에 관리) 자체가 무너짐
A88: 🌅 아침 크로스체크 | C88: ☐ 전날 순서대로 실행됨 ☐ 위 작업 전부 완료 ☐ git commit 완료 ☐ 전날 백업 실행(backup_push.ps1/.bat 더블클릭 → git push+Desktop 미러백업) | G88: 메모:
A90: 📅 2026-09-09(수) · 9일차 · 작업 3건
A91: 🎯 오늘의 타이틀: 회원가입/로그인 화면+API 설계(JWT)
A92: 순서 | B92: 세부 작업 | C92: 활용도구 | D92: 파일 위치 | E92: 핵심포인트 / 주의할 점 | F92: 확인방법 | G92: 완료
A93: 1 | B93: User Flow 다이어그램 작성(화면간 이동 구조) | C93: Gemini(검토보조) | D93: docs/ui_design.md | E93: ▶ 빠진 화면이 없는지가 핵심 — 로그인/빈상태 화면을 특히 놓치기 쉬움 ⚠ 와이어프레임을 너무 디테일하게 만들지 않는다(시간 낭비, 저해상도로 충분) | F93: 실제 사용 흐름 그대로 클릭 시뮬레이션 해보며 막히는 지점이 있는지 확인 | G93: ☑
A94: 2 | B94: 회원가입/로그인 화면+API 설계(JWT) | C94: Claude(대화보조) | D94: docs/ui_design.md, docs/api_contract.md | E94: ▶ 빠진 화면이 없는지가 핵심 — 로그인/빈상태 화면을 특히 놓치기 쉬움 ⚠ 와이어프레임을 너무 디테일하게 만들지 않는다(시간 낭비, 저해상도로 충분) | F94: 실제 사용 흐름 그대로 클릭 시뮬레이션 해보며 막히는 지점이 있는지 확인 | G94: ☑
A95: 3 | B95: ✅ 1.5단계 검증: 와이어프레임 실제 흐름대로 클릭 시뮬레이션 리뷰 | C95: Claude(대화보조) | D95: 체크리스트 '9단계 검증 체크리스트' 시트 | E95: ▶ 빠진 화면이 없는지가 핵심 — 로그인/빈상태 화면을 특히 놓치기 쉬움 ⚠ 와이어프레임을 너무 디테일하게 만들지 않는다(시간 낭비, 저해상도로 충분) | F95: 실제 사용 흐름 그대로 클릭 시뮬레이션 해보며 막히는 지점이 있는지 확인 | G95: ☑
A96: 🎬 오늘의 시나리오 | C96: [상황] 회원가입/로그인이 이후 모든 기능의 출입문 역할을 함 [동작] ① 로그인/회원가입 화면 설계 ② JWT 기반 인증 API 스펙 확정(토큰 발급/검증 방식) [원칙 없었다면] 인증 설계가 부실하면 나중에 다른 모든 API에 보안 구멍이 생김
A97: 🌅 아침 크로스체크 | C97: ☑ 전날 순서대로 실행됨 ☑ 위 작업 전부 완료 ☑ git commit 완료 ☑ 전날 백업 실행(backup_push.ps1/.bat 더블클릭 → git push+Desktop 미러백업) ☑ 검증 체크 완료 ☑ 🔍 오늘은 검증일! DoD 결과 '9단계 검증 체크리스트' 시트에 기록 | G97: 메모:
A99: 📅 2026-09-10(목) · 10일차 · 작업 1건
A100: 🎯 오늘의 타이틀: iCal 연동 + ChannelConnection 구현(sync_status/last_synced_at 표시)
A101: 순서 | B101: 세부 작업 | C101: 활용도구 | D101: 파일 위치 | E101: 핵심포인트 / 주의할 점 | F101: 확인방법 | G101: 완료
A102: 1 | B102: iCal 연동 + ChannelConnection 구현(sync_status/last_synced_at 표시) | C102: Claude Code(직접실행) | D102: backend/app/services/ical_sync.py | E102: ▶ 이 프로젝트에서 유일하게 완전히 실제(Real) 동작하는 외부연동 — 심사 신뢰도의 핵심 앵커 ⚠ '실시간'이라는 표현 사용 금지(플랫폼 갱신주기상 최대 3시간 지연 가능) — 반드시 '동기화 시점' 표현 사용 | F102: 실제 Airbnb iCal URL을 넣고 예약이 화면에 정확히 반영되는지 확인 | G102: ☑
A103: 🎬 오늘의 시나리오 | C103: [상황] 에어비앤비 등 외부 플랫폼 예약을 우리 시스템이 실시간으로 인지해야 오버부킹을 막을 수 있음 [동작] ① iCal URL 연동 구현 ② ChannelConnection 모델로 동기화 상태(sync_status)·최근동기화시각 표시 [원칙 없었다면] 외부 예약을 못 읽어오면 지금처럼 매번 수동으로 여러 캘린더를 대조해야 함
A104: 🌅 아침 크로스체크 | C104: ☑ 전날 순서대로 실행됨 ☑ 위 작업 전부 완료 ☑ git commit 완료 ☑ 전날 백업 실행(backup_push.ps1/.bat 더블클릭 → git push+Desktop 미러백업) | G104: 메모:
A106: 📅 2026-09-11(금) · 11일차 · 작업 1건
A107: 🎯 오늘의 타이틀: 회원가입/로그인 화면+API 구현(JWT, 비밀번호는 bcrypt 해시로 저장)
A108: 순서 | B108: 세부 작업 | C108: 활용도구 | D108: 파일 위치 | E108: 핵심포인트 / 주의할 점 | F108: 확인방법 | G108: 완료
A109: 1 | B109: 회원가입/로그인 화면+API 구현(JWT, 비밀번호는 bcrypt 해시로 저장) | C109: Claude Code(직접실행) | D109: backend/app/api/v1/endpoints/auth.py, frontend/src/pages/Login.tsx | E109: ▶ 비밀번호는 반드시 bcrypt로 해시 저장 ⚠ JWT '발급'과 '검증'은 별개 — 토큰 유효성만 확인하고 property 소유권(IDOR) 검증을 빠뜨리면 다른 호스트 데이터에 접근 가능 | F109: 호스트A의 토큰으로 호스트B 소유의 property_id를 조회 시도 → 404로 차단되는지 확인 | G109: ☑
A110: 🎬 오늘의 시나리오 | C110: [상황] 9/9에 설계한 인증 스펙을 실제로 동작하게 만들어야 함 [동작] ① 회원가입/로그인 화면+API 실제 구현 ② 비밀번호는 반드시 bcrypt 해시로 저장(평문 저장 금지) [원칙 없었다면] 비밀번호를 평문 저장하면 DB 유출시 모든 계정이 그대로 뚫리는 최악의 보안사고
A111: 🌅 아침 크로스체크 | C111: ☑ 전날 순서대로 실행됨 ☑ 위 작업 전부 완료 ☑ git commit 완료 ☑ 전날 백업 실행(backup_push.ps1/.bat 더블클릭 → git push+Desktop 미러백업) | G111: 메모:
...
